imo;matricula;documentInstance;document;versionFt;estadoVersionFt;estadoFictecId;materialCascoId;paisId;tipoNaveId;tipoTraficoId;armadorId;navieraId;puertoMatriculaId;fechaMatricula;nombreNave;callSign;inmarsat;mmsi;sociedadClasificadora;dicapi;constructorInfoNave;anoConstructor;tonelajePesoMuerto;velocidad;eslora;manga;puntal;arqueoNeto;arqueoBruto;caladoMinimo;caladoMaximo;dobleCaso;comentario;rucUsuario;tipoSeguimientoId;rol;razonSocialUsuario;operation
null;CO-42280-DF;null;null;1;1;2;7;446;39;4;1;319;1;12/08/2025;NAVE0001;null;null;null;null;--;SIPI;2023;1222;null;322;200;144;123;134;44;55;true;;20100010136;2;ADM;COSMOS AGENCIA MARITIMA SAC;r
null;SE-84292-BF;null;null;1;1;2;7;446;39;4;1;319;1;12/08/2025;NAVE0002;null;null;null;null;--;SIPI;2023;1222;null;322;200;144;123;134;44;55;true;;20100010136;2;ADM;COSMOS AGENCIA MARITIMA SAC;r
null;SY-14474-DM;null;null;1;1;2;7;446;39;4;1;319;1;12/08/2025;NAVE0003;null;null;null;null;--;SIPI;2023;1222;null;322;200;144;123;134;44;55;true;;20100010136;2;ADM;COSMOS AGENCIA MARITIMA SAC;r
null;SE-43025-AL;null;null;1;1;2;7;446;39;4;1;319;1;12/08/2025;NAVE0004;null;null;null;null;--;SIPI;2023;1222;null;322;200;144;123;134;44;55;true;;20100010136;2;ADM;COSMOS AGENCIA MARITIMA SAC;r
null;IO-77227-MM;null;null;1;1;2;7;446;39;4;1;319;1;12/08/2025;NAVE0005;null;null;null;null;--;SIPI;2023;1222;null;322;200;144;123;134;44;55;true;;20100010136;2;ADM;COSMOS AGENCIA MARITIMA SAC;r
null;PU-95899-SM;null;null;1;1;2;7;446;39;4;1;319;1;12/08/2025;NAVE0006;null;null;null;null;--;SIPI;2023;1222;null;322;200;144;123;134;44;55;true;;20100010136;2;ADM;COSMOS AGENCIA MARITIMA SAC;r
null;PS-48177-AM;null;null;1;1;2;7;446;39;4;1;319;1;12/08/2025;NAVE0007;null;null;null;null;--;SIPI;2023;1222;null;322;200;144;123;134;44;55;true;;20100010136;2;ADM;COSMOS AGENCIA MARITIMA SAC;r
null;PL-80765-EM;null;null;1;1;2;7;446;39;4;1;319;1;12/08/2025;NAVE0008;null;null;null;null;--;SIPI;2023;1222;null;322;200;144;123;134;44;55;true;;20100010136;2;ADM;COSMOS AGENCIA MARITIMA SAC;r
null;PA-90867-ML;null;null;1;1;2;7;446;39;4;1;319;1;12/08/2025;NAVE0009;null;null;null;null;--;SIPI;2023;1222;null;322;200;144;123;134;44;55;true;;20100010136;2;ADM;COSMOS AGENCIA MARITIMA SAC;r
null;MO-53849-MM;null;null;1;1;2;7;446;39;4;1;319;1;12/08/2025;NAVE0010;null;null;null;null;--;SIPI;2023;1222;null;322;200;144;123;134;44;55;true;;20100010136;2;ADM;COSMOS AGENCIA MARITIMA SAC;r
null;CE-00417-AM;null;null;1;1;2;7;446;39;4;1;319;1;12/08/2025;NAVE0011;null;null;null;null;--;SIPI;2023;1222;null;322;200;144;123;134;44;55;true;;20100010136;2;ADM;COSMOS AGENCIA MARITIMA SAC;r
null;TA-88733-BL;null;null;1;1;2;7;446;39;4;1;319;1;12/08/2025;NAVE0012;null;null;null;null;--;SIPI;2023;1222;null;322;200;144;123;134;44;55;true;;20100010136;2;ADM;COSMOS AGENCIA MARITIMA SAC;r
null;SE-74607-AL;null;null;1;1;2;7;446;39;4;1;319;1;12/08/2025;NAVE0013;null;null;null;null;--;SIPI;2023;1222;null;322;200;144;123;134;44;55;true;;20100010136;2;ADM;COSMOS AGENCIA MARITIMA SAC;r
null;MO-84878-DF;null;null;1;1;2;7;446;39;4;1;319;1;12/08/2025;NAVE0014;null;null;null;null;--;SIPI;2023;1222;null;322;200;144;123;134;44;55;true;;20100010136;2;ADM;COSMOS AGENCIA MARITIMA SAC;r
null;PA-41929-DF;null;null;1;1;2;7;446;39;4;1;319;1;12/08/2025;NAVE0015;null;null;null;null;--;SIPI;2023;1222;null;322;200;144;123;134;44;55;true;;20100010136;2;ADM;COSMOS AGENCIA MARITIMA SAC;r
null;CY-32186-ML;null;null;1;1;2;7;446;39;4;1;319;1;12/08/2025;NAVE0016;null;null;null;null;--;SIPI;2023;1222;null;322;200;144;123;134;44;55;true;;20100010136;2;ADM;COSMOS AGENCIA MARITIMA SAC;r
null;HO-27660-EF;null;null;1;1;2;7;446;39;4;1;319;1;12/08/2025;NAVE0017;null;null;null;null;--;SIPI;2023;1222;null;322;200;144;123;134;44;55;true;;20100010136;2;ADM;COSMOS AGENCIA MARITIMA SAC;r
null;YU-73626-CM;null;null;1;1;2;7;446;39;4;1;319;1;12/08/2025;NAVE0018;null;null;null;null;--;SIPI;2023;1222;null;322;200;144;123;134;44;55;true;;20100010136;2;ADM;COSMOS AGENCIA MARITIMA SAC;r
null;CO-59286-EM;null;null;1;1;2;7;446;39;4;1;319;1;12/08/2025;NAVE0019;null;null;null;null;--;SIPI;2023;1222;null;322;200;144;123;134;44;55;true;;20100010136;2;ADM;COSMOS AGENCIA MARITIMA SAC;r
null;PM-06960-DF;null;null;1;1;2;7;446;39;4;1;319;1;12/08/2025;NAVE0020;null;null;null;null;--;SIPI;2023;1222;null;322;200;144;123;134;44;55;true;;20100010136;2;ADM;COSMOS AGENCIA MARITIMA SAC;r
null;SN-13802-EM;null;null;1;1;2;7;446;39;4;1;319;1;12/08/2025;NAVE0021;null;null;null;null;--;SIPI;2023;1222;null;322;200;144;123;134;44;55;true;;20100010136;2;ADM;COSMOS AGENCIA MARITIMA SAC;r
null;IQ-42252-BM;null;null;1;1;2;7;446;39;4;1;319;1;12/08/2025;NAVE0022;null;null;null;null;--;SIPI;2023;1222;null;322;200;144;123;134;44;55;true;;20100010136;2;ADM;COSMOS AGENCIA MARITIMA SAC;r
null;MO-09986-AF;null;null;1;1;2;7;446;39;4;1;319;1;12/08/2025;NAVE0023;null;null;null;null;--;SIPI;2023;1222;null;322;200;144;123;134;44;55;true;;20100010136;2;ADM;COSMOS AGENCIA MARITIMA SAC;r
null;TA-54040-SM;null;null;1;1;2;7;446;39;4;1;319;1;12/08/2025;NAVE0024;null;null;null;null;--;SIPI;2023;1222;null;322;200;144;123;134;44;55;true;;20100010136;2;ADM;COSMOS AGENCIA MARITIMA SAC;r
null;CO-42138-AF;null;null;1;1;2;7;446;39;4;1;319;1;12/08/2025;NAVE0025;null;null;null;null;--;SIPI;2023;1222;null;322;200;144;123;134;44;55;true;;20100010136;2;ADM;COSMOS AGENCIA MARITIMA SAC;r
null;MO-68500-CM;null;null;1;1;2;7;446;39;4;1;319;1;12/08/2025;NAVE0026;null;null;null;null;--;SIPI;2023;1222;null;322;200;144;123;134;44;55;true;;20100010136;2;ADM;COSMOS AGENCIA MARITIMA SAC;r
null;CO-16918-BM;null;null;1;1;2;7;446;39;4;1;319;1;12/08/2025;NAVE0027;null;null;null;null;--;SIPI;2023;1222;null;322;200;144;123;134;44;55;true;;20100010136;2;ADM;COSMOS AGENCIA MARITIMA SAC;r
null;PM-07200-DF;null;null;1;1;2;7;446;39;4;1;319;1;12/08/2025;NAVE0028;null;null;null;null;--;SIPI;2023;1222;null;322;200;144;123;134;44;55;true;;20100010136;2;ADM;COSMOS AGENCIA MARITIMA SAC;r
null;SE-37214-AF;null;null;1;1;2;7;446;39;4;1;319;1;12/08/2025;NAVE0029;null;null;null;null;--;SIPI;2023;1222;null;322;200;144;123;134;44;55;true;;20100010136;2;ADM;COSMOS AGENCIA MARITIMA SAC;r
null;IO-97141-ML;null;null;1;1;2;7;446;39;4;1;319;1;12/08/2025;NAVE0030;null;null;null;null;--;SIPI;2023;1222;null;322;200;144;123;134;44;55;true;;20100010136;2;ADM;COSMOS AGENCIA MARITIMA SAC;r
null;IO-03878-EM;null;null;1;1;2;7;446;39;4;1;319;1;12/08/2025;NAVE0031;null;null;null;null;--;SIPI;2023;1222;null;322;200;144;123;134;44;55;true;;20100010136;2;ADM;COSMOS AGENCIA MARITIMA SAC;r
null;YU-03442-MF;null;null;1;1;2;7;446;39;4;1;319;1;12/08/2025;NAVE0032;null;null;null;null;--;SIPI;2023;1222;null;322;200;144;123;134;44;55;true;;20100010136;2;ADM;COSMOS AGENCIA MARITIMA SAC;r
null;PU-35793-MM;null;null;1;1;2;7;446;39;4;1;319;1;12/08/2025;NAVE0033;null;null;null;null;--;SIPI;2023;1222;null;322;200;144;123;134;44;55;true;;20100010136;2;ADM;COSMOS AGENCIA MARITIMA SAC;r
null;SN-69110-MM;null;null;1;1;2;7;446;39;4;1;319;1;12/08/2025;NAVE0034;null;null;null;null;--;SIPI;2023;1222;null;322;200;144;123;134;44;55;true;;20100010136;2;ADM;COSMOS AGENCIA MARITIMA SAC;r
null;CE-88133-BM;null;null;1;1;2;7;446;39;4;1;319;1;12/08/2025;NAVE0035;null;null;null;null;--;SIPI;2023;1222;null;322;200;144;123;134;44;55;true;;20100010136;2;ADM;COSMOS AGENCIA MARITIMA SAC;r
null;PT-16761-DL;null;null;1;1;2;7;446;39;4;1;319;1;12/08/2025;NAVE0036;null;null;null;null;--;SIPI;2023;1222;null;322;200;144;123;134;44;55;true;;20100010136;2;ADM;COSMOS AGENCIA MARITIMA SAC;r
null;PL-17017-BL;null;null;1;1;2;7;446;39;4;1;319;1;12/08/2025;NAVE0037;null;null;null;null;--;SIPI;2023;1222;null;322;200;144;123;134;44;55;true;;20100010136;2;ADM;COSMOS AGENCIA MARITIMA SAC;r
null;PM-19223-AL;null;null;1;1;2;7;446;39;4;1;319;1;12/08/2025;NAVE0038;null;null;null;null;--;SIPI;2023;1222;null;322;200;144;123;134;44;55;true;;20100010136;2;ADM;COSMOS AGENCIA MARITIMA SAC;r
null;SE-56558-EL;null;null;1;1;2;7;446;39;4;1;319;1;12/08/2025;NAVE0039;null;null;null;null;--;SIPI;2023;1222;null;322;200;144;123;134;44;55;true;;20100010136;2;ADM;COSMOS AGENCIA MARITIMA SAC;r
null;SE-56978-SM;null;null;1;1;2;7;446;39;4;1;319;1;12/08/2025;NAVE0040;null;null;null;null;--;SIPI;2023;1222;null;322;200;144;123;134;44;55;true;;20100010136;2;ADM;COSMOS AGENCIA MARITIMA SAC;r
null;SY-19483-AM;null;null;1;1;2;7;446;39;4;1;319;1;12/08/2025;NAVE0041;null;null;null;null;--;SIPI;2023;1222;null;322;200;144;123;134;44;55;true;;20100010136;2;ADM;COSMOS AGENCIA MARITIMA SAC;r
null;MO-71456-BM;null;null;1;1;2;7;446;39;4;1;319;1;12/08/2025;NAVE0042;null;null;null;null;--;SIPI;2023;1222;null;322;200;144;123;134;44;55;true;;20100010136;2;ADM;COSMOS AGENCIA MARITIMA SAC;r
null;IQ-47717-MF;null;null;1;1;2;7;446;39;4;1;319;1;12/08/2025;NAVE0043;null;null;null;null;--;SIPI;2023;1222;null;322;200;144;123;134;44;55;true;;20100010136;2;ADM;COSMOS AGENCIA MARITIMA SAC;r
null;CE-48547-PM;null;null;1;1;2;7;446;39;4;1;319;1;12/08/2025;NAVE0044;null;null;null;null;--;SIPI;2023;1222;null;322;200;144;123;134;44;55;true;;20100010136;2;ADM;COSMOS AGENCIA MARITIMA SAC;r
null;SE-64520-CM;null;null;1;1;2;7;446;39;4;1;319;1;12/08/2025;NAVE0045;null;null;null;null;--;SIPI;2023;1222;null;322;200;144;123;134;44;55;true;;20100010136;2;ADM;COSMOS AGENCIA MARITIMA SAC;r
null;SN-60077-DF;null;null;1;1;2;7;446;39;4;1;319;1;12/08/2025;NAVE0046;null;null;null;null;--;SIPI;2023;1222;null;322;200;144;123;134;44;55;true;;20100010136;2;ADM;COSMOS AGENCIA MARITIMA SAC;r
null;IO-30287-DM;null;null;1;1;2;7;446;39;4;1;319;1;12/08/2025;NAVE0047;null;null;null;null;--;SIPI;2023;1222;null;322;200;144;123;134;44;55;true;;20100010136;2;ADM;COSMOS AGENCIA MARITIMA SAC;r
null;PM-09460-PM;null;null;1;1;2;7;446;39;4;1;319;1;12/08/2025;NAVE0048;null;null;null;null;--;SIPI;2023;1222;null;322;200;144;123;134;44;55;true;;20100010136;2;ADM;COSMOS AGENCIA MARITIMA SAC;r
null;SY-38248-BM;null;null;1;1;2;7;446;39;4;1;319;1;12/08/2025;NAVE0049;null;null;null;null;--;SIPI;2023;1222;null;322;200;144;123;134;44;55;true;;20100010136;2;ADM;COSMOS AGENCIA MARITIMA SAC;r
null;MO-91793-EM;null;null;1;1;2;7;446;39;4;1;319;1;12/08/2025;NAVE0050;null;null;null;null;--;SIPI;2023;1222;null;322;200;144;123;134;44;55;true;;20100010136;2;ADM;COSMOS AGENCIA MARITIMA SAC;r
null;YU-59879-BM;null;null;1;1;2;7;446;39;4;1;319;1;12/08/2025;NAVE0051;null;null;null;null;--;SIPI;2023;1222;null;322;200;144;123;134;44;55;true;;20100010136;2;ADM;COSMOS AGENCIA MARITIMA SAC;r
null;SN-68655-BL;null;null;1;1;2;7;446;39;4;1;319;1;12/08/2025;NAVE0052;null;null;null;null;--;SIPI;2023;1222;null;322;200;144;123;134;44;55;true;;20100010136;2;ADM;COSMOS AGENCIA MARITIMA SAC;r
null;PM-42496-EM;null;null;1;1;2;7;446;39;4;1;319;1;12/08/2025;NAVE0053;null;null;null;null;--;SIPI;2023;1222;null;322;200;144;123;134;44;55;true;;20100010136;2;ADM;COSMOS AGENCIA MARITIMA SAC;r
null;HO-94635-BM;null;null;1;1;2;7;446;39;4;1;319;1;12/08/2025;NAVE0054;null;null;null;null;--;SIPI;2023;1222;null;322;200;144;123;134;44;55;true;;20100010136;2;ADM;COSMOS AGENCIA MARITIMA SAC;r
null;PM-82703-BL;null;null;1;1;2;7;446;39;4;1;319;1;12/08/2025;NAVE0055;null;null;null;null;--;SIPI;2023;1222;null;322;200;144;123;134;44;55;true;;20100010136;2;ADM;COSMOS AGENCIA MARITIMA SAC;r
null;PM-20615-BL;null;null;1;1;2;7;446;39;4;1;319;1;12/08/2025;NAVE0056;null;null;null;null;--;SIPI;2023;1222;null;322;200;144;123;134;44;55;true;;20100010136;2;ADM;COSMOS AGENCIA MARITIMA SAC;r
null;IO-97798-MM;null;null;1;1;2;7;446;39;4;1;319;1;12/08/2025;NAVE0057;null;null;null;null;--;SIPI;2023;1222;null;322;200;144;123;134;44;55;true;;20100010136;2;ADM;COSMOS AGENCIA MARITIMA SAC;r
null;ZS-88252-CM;null;null;1;1;2;7;446;39;4;1;319;1;12/08/2025;NAVE0058;null;null;null;null;--;SIPI;2023;1222;null;322;200;144;123;134;44;55;true;;20100010136;2;ADM;COSMOS AGENCIA MARITIMA SAC;r
null;CE-08775-PM;null;null;1;1;2;7;446;39;4;1;319;1;12/08/2025;NAVE0059;null;null;null;null;--;SIPI;2023;1222;null;322;200;144;123;134;44;55;true;;20100010136;2;ADM;COSMOS AGENCIA MARITIMA SAC;r
null;CO-70100-CM;null;null;1;1;2;7;446;39;4;1;319;1;12/08/2025;NAVE0060;null;null;null;null;--;SIPI;2023;1222;null;322;200;144;123;134;44;55;true;;20100010136;2;ADM;COSMOS AGENCIA MARITIMA SAC;r
null;SE-10876-AL;null;null;1;1;2;7;446;39;4;1;319;1;12/08/2025;NAVE0061;null;null;null;null;--;SIPI;2023;1222;null;322;200;144;123;134;44;55;true;;20100010136;2;ADM;COSMOS AGENCIA MARITIMA SAC;r
null;TA-46483-DL;null;null;1;1;2;7;446;39;4;1;319;1;12/08/2025;NAVE0062;null;null;null;null;--;SIPI;2023;1222;null;322;200;144;123;134;44;55;true;;20100010136;2;ADM;COSMOS AGENCIA MARITIMA SAC;r
null;CE-57357-EL;null;null;1;1;2;7;446;39;4;1;319;1;12/08/2025;NAVE0063;null;null;null;null;--;SIPI;2023;1222;null;322;200;144;123;134;44;55;true;;20100010136;2;ADM;COSMOS AGENCIA MARITIMA SAC;r
null;MO-22599-DF;null;null;1;1;2;7;446;39;4;1;319;1;12/08/2025;NAVE0064;null;null;null;null;--;SIPI;2023;1222;null;322;200;144;123;134;44;55;true;;20100010136;2;ADM;COSMOS AGENCIA MARITIMA SAC;r
null;PM-27387-CM;null;null;1;1;2;7;446;39;4;1;319;1;12/08/2025;NAVE0065;null;null;null;null;--;SIPI;2023;1222;null;322;200;144;123;134;44;55;true;;20100010136;2;ADM;COSMOS AGENCIA MARITIMA SAC;r
null;TA-97515-EM;null;null;1;1;2;7;446;39;4;1;319;1;12/08/2025;NAVE0066;null;null;null;null;--;SIPI;2023;1222;null;322;200;144;123;134;44;55;true;;20100010136;2;ADM;COSMOS AGENCIA MARITIMA SAC;r
null;PM-64858-MF;null;null;1;1;2;7;446;39;4;1;319;1;12/08/2025;NAVE0067;null;null;null;null;--;SIPI;2023;1222;null;322;200;144;123;134;44;55;true;;20100010136;2;ADM;COSMOS AGENCIA MARITIMA SAC;r
null;ZS-35311-DL;null;null;1;1;2;7;446;39;4;1;319;1;12/08/2025;NAVE0068;null;null;null;null;--;SIPI;2023;1222;null;322;200;144;123;134;44;55;true;;20100010136;2;ADM;COSMOS AGENCIA MARITIMA SAC;r
null;PU-10751-PM;null;null;1;1;2;7;446;39;4;1;319;1;12/08/2025;NAVE0069;null;null;null;null;--;SIPI;2023;1222;null;322;200;144;123;134;44;55;true;;20100010136;2;ADM;COSMOS AGENCIA MARITIMA SAC;r
null;TA-78034-SM;null;null;1;1;2;7;446;39;4;1;319;1;12/08/2025;NAVE0070;null;null;null;null;--;SIPI;2023;1222;null;322;200;144;123;134;44;55;true;;20100010136;2;ADM;COSMOS AGENCIA MARITIMA SAC;r
null;MO-09348-MM;null;null;1;1;2;7;446;39;4;1;319;1;12/08/2025;NAVE0071;null;null;null;null;--;SIPI;2023;1222;null;322;200;144;123;134;44;55;true;;20100010136;2;ADM;COSMOS AGENCIA MARITIMA SAC;r
null;MO-40354-PM;null;null;1;1;2;7;446;39;4;1;319;1;12/08/2025;NAVE0072;null;null;null;null;--;SIPI;2023;1222;null;322;200;144;123;134;44;55;true;;20100010136;2;ADM;COSMOS AGENCIA MARITIMA SAC;r
null;ZS-00494-DL;null;null;1;1;2;7;446;39;4;1;319;1;12/08/2025;NAVE0073;null;null;null;null;--;SIPI;2023;1222;null;322;200;144;123;134;44;55;true;;20100010136;2;ADM;COSMOS AGENCIA MARITIMA SAC;r
null;ZS-25776-MM;null;null;1;1;2;7;446;39;4;1;319;1;12/08/2025;NAVE0074;null;null;null;null;--;SIPI;2023;1222;null;322;200;144;123;134;44;55;true;;20100010136;2;ADM;COSMOS AGENCIA MARITIMA SAC;r
null;MO-74753-EL;null;null;1;1;2;7;446;39;4;1;319;1;12/08/2025;NAVE0075;null;null;null;null;--;SIPI;2023;1222;null;322;200;144;123;134;44;55;true;;20100010136;2;ADM;COSMOS AGENCIA MARITIMA SAC;r
null;PM-33717-EM;null;null;1;1;2;7;446;39;4;1;319;1;12/08/2025;NAVE0076;null;null;null;null;--;SIPI;2023;1222;null;322;200;144;123;134;44;55;true;;20100010136;2;ADM;COSMOS AGENCIA MARITIMA SAC;r
null;CE-01161-MF;null;null;1;1;2;7;446;39;4;1;319;1;12/08/2025;NAVE0077;null;null;null;null;--;SIPI;2023;1222;null;322;200;144;123;134;44;55;true;;20100010136;2;ADM;COSMOS AGENCIA MARITIMA SAC;r
null;IQ-65623-BF;null;null;1;1;2;7;446;39;4;1;319;1;12/08/2025;NAVE0078;null;null;null;null;--;SIPI;2023;1222;null;322;200;144;123;134;44;55;true;;20100010136;2;ADM;COSMOS AGENCIA MARITIMA SAC;r
null;PA-65143-AL;null;null;1;1;2;7;446;39;4;1;319;1;12/08/2025;NAVE0079;null;null;null;null;--;SIPI;2023;1222;null;322;200;144;123;134;44;55;true;;20100010136;2;ADM;COSMOS AGENCIA MARITIMA SAC;r
null;CE-57620-PM;null;null;1;1;2;7;446;39;4;1;319;1;12/08/2025;NAVE0080;null;null;null;null;--;SIPI;2023;1222;null;322;200;144;123;134;44;55;true;;20100010136;2;ADM;COSMOS AGENCIA MARITIMA SAC;r
null;PS-37629-DF;null;null;1;1;2;7;446;39;4;1;319;1;12/08/2025;NAVE0081;null;null;null;null;--;SIPI;2023;1222;null;322;200;144;123;134;44;55;true;;20100010136;2;ADM;COSMOS AGENCIA MARITIMA SAC;r
null;CO-52580-CM;null;null;1;1;2;7;446;39;4;1;319;1;12/08/2025;NAVE0082;null;null;null;null;--;SIPI;2023;1222;null;322;200;144;123;134;44;55;true;;20100010136;2;ADM;COSMOS AGENCIA MARITIMA SAC;r
null;TA-88160-EL;null;null;1;1;2;7;446;39;4;1;319;1;12/08/2025;NAVE0083;null;null;null;null;--;SIPI;2023;1222;null;322;200;144;123;134;44;55;true;;20100010136;2;ADM;COSMOS AGENCIA MARITIMA SAC;r
null;ZS-27381-SM;null;null;1;1;2;7;446;39;4;1;319;1;12/08/2025;NAVE0084;null;null;null;null;--;SIPI;2023;1222;null;322;200;144;123;134;44;55;true;;20100010136;2;ADM;COSMOS AGENCIA MARITIMA SAC;r
null;PL-12434-EM;null;null;1;1;2;7;446;39;4;1;319;1;12/08/2025;NAVE0085;null;null;null;null;--;SIPI;2023;1222;null;322;200;144;123;134;44;55;true;;20100010136;2;ADM;COSMOS AGENCIA MARITIMA SAC;r
null;IQ-51571-DM;null;null;1;1;2;7;446;39;4;1;319;1;12/08/2025;NAVE0086;null;null;null;null;--;SIPI;2023;1222;null;322;200;144;123;134;44;55;true;;20100010136;2;ADM;COSMOS AGENCIA MARITIMA SAC;r
null;YU-43914-DF;null;null;1;1;2;7;446;39;4;1;319;1;12/08/2025;NAVE0087;null;null;null;null;--;SIPI;2023;1222;null;322;200;144;123;134;44;55;true;;20100010136;2;ADM;COSMOS AGENCIA MARITIMA SAC;r
null;CE-86436-EF;null;null;1;1;2;7;446;39;4;1;319;1;12/08/2025;NAVE0088;null;null;null;null;--;SIPI;2023;1222;null;322;200;144;123;134;44;55;true;;20100010136;2;ADM;COSMOS AGENCIA MARITIMA SAC;r
null;IO-72729-BL;null;null;1;1;2;7;446;39;4;1;319;1;12/08/2025;NAVE0089;null;null;null;null;--;SIPI;2023;1222;null;322;200;144;123;134;44;55;true;;20100010136;2;ADM;COSMOS AGENCIA MARITIMA SAC;r
null;IQ-42797-CM;null;null;1;1;2;7;446;39;4;1;319;1;12/08/2025;NAVE0090;null;null;null;null;--;SIPI;2023;1222;null;322;200;144;123;134;44;55;true;;20100010136;2;ADM;COSMOS AGENCIA MARITIMA SAC;r
null;HO-89715-EF;null;null;1;1;2;7;446;39;4;1;319;1;12/08/2025;NAVE0091;null;null;null;null;--;SIPI;2023;1222;null;322;200;144;123;134;44;55;true;;20100010136;2;ADM;COSMOS AGENCIA MARITIMA SAC;r
null;CE-20224-AM;null;null;1;1;2;7;446;39;4;1;319;1;12/08/2025;NAVE0092;null;null;null;null;--;SIPI;2023;1222;null;322;200;144;123;134;44;55;true;;20100010136;2;ADM;COSMOS AGENCIA MARITIMA SAC;r
null;PL-46095-DF;null;null;1;1;2;7;446;39;4;1;319;1;12/08/2025;NAVE0093;null;null;null;null;--;SIPI;2023;1222;null;322;200;144;123;134;44;55;true;;20100010136;2;ADM;COSMOS AGENCIA MARITIMA SAC;r
null;HO-07989-CM;null;null;1;1;2;7;446;39;4;1;319;1;12/08/2025;NAVE0094;null;null;null;null;--;SIPI;2023;1222;null;322;200;144;123;134;44;55;true;;20100010136;2;ADM;COSMOS AGENCIA MARITIMA SAC;r
null;PS-31304-CM;null;null;1;1;2;7;446;39;4;1;319;1;12/08/2025;NAVE0095;null;null;null;null;--;SIPI;2023;1222;null;322;200;144;123;134;44;55;true;;20100010136;2;ADM;COSMOS AGENCIA MARITIMA SAC;r
null;CY-52252-AL;null;null;1;1;2;7;446;39;4;1;319;1;12/08/2025;NAVE0096;null;null;null;null;--;SIPI;2023;1222;null;322;200;144;123;134;44;55;true;;20100010136;2;ADM;COSMOS AGENCIA MARITIMA SAC;r
null;CE-94778-DM;null;null;1;1;2;7;446;39;4;1;319;1;12/08/2025;NAVE0097;null;null;null;null;--;SIPI;2023;1222;null;322;200;144;123;134;44;55;true;;20100010136;2;ADM;COSMOS AGENCIA MARITIMA SAC;r
null;SN-71179-AL;null;null;1;1;2;7;446;39;4;1;319;1;12/08/2025;NAVE0098;null;null;null;null;--;SIPI;2023;1222;null;322;200;144;123;134;44;55;true;;20100010136;2;ADM;COSMOS AGENCIA MARITIMA SAC;r
null;PL-82875-MF;null;null;1;1;2;7;446;39;4;1;319;1;12/08/2025;NAVE0099;null;null;null;null;--;SIPI;2023;1222;null;322;200;144;123;134;44;55;true;;20100010136;2;ADM;COSMOS AGENCIA MARITIMA SAC;r
null;PU-93758-EM;null;null;1;1;2;7;446;39;4;1;319;1;12/08/2025;NAVE0100;null;null;null;null;--;SIPI;2023;1222;null;322;200;144;123;134;44;55;true;;20100010136;2;ADM;COSMOS AGENCIA MARITIMA SAC;r
null;SE-98357-BF;null;null;1;1;2;7;446;39;4;1;319;1;12/08/2025;NAVE0101;null;null;null;null;--;SIPI;2023;1222;null;322;200;144;123;134;44;55;true;;20100010136;2;ADM;COSMOS AGENCIA MARITIMA SAC;r
null;SY-53559-DM;null;null;1;1;2;7;446;39;4;1;319;1;12/08/2025;NAVE0102;null;null;null;null;--;SIPI;2023;1222;null;322;200;144;123;134;44;55;true;;20100010136;2;ADM;COSMOS AGENCIA MARITIMA SAC;r
null;HO-56091-AF;null;null;1;1;2;7;446;39;4;1;319;1;12/08/2025;NAVE0103;null;null;null;null;--;SIPI;2023;1222;null;322;200;144;123;134;44;55;true;;20100010136;2;ADM;COSMOS AGENCIA MARITIMA SAC;r
null;HO-97005-CM;null;null;1;1;2;7;446;39;4;1;319;1;12/08/2025;NAVE0104;null;null;null;null;--;SIPI;2023;1222;null;322;200;144;123;134;44;55;true;;20100010136;2;ADM;COSMOS AGENCIA MARITIMA SAC;r
null;CY-97423-MM;null;null;1;1;2;7;446;39;4;1;319;1;12/08/2025;NAVE0105;null;null;null;null;--;SIPI;2023;1222;null;322;200;144;123;134;44;55;true;;20100010136;2;ADM;COSMOS AGENCIA MARITIMA SAC;r
null;MO-53839-CM;null;null;1;1;2;7;446;39;4;1;319;1;12/08/2025;NAVE0106;null;null;null;null;--;SIPI;2023;1222;null;322;200;144;123;134;44;55;true;;20100010136;2;ADM;COSMOS AGENCIA MARITIMA SAC;r
null;IQ-63389-BM;null;null;1;1;2;7;446;39;4;1;319;1;12/08/2025;NAVE0107;null;null;null;null;--;SIPI;2023;1222;null;322;200;144;123;134;44;55;true;;20100010136;2;ADM;COSMOS AGENCIA MARITIMA SAC;r
null;CY-59863-CM;null;null;1;1;2;7;446;39;4;1;319;1;12/08/2025;NAVE0108;null;null;null;null;--;SIPI;2023;1222;null;322;200;144;123;134;44;55;true;;20100010136;2;ADM;COSMOS AGENCIA MARITIMA SAC;r
null;SN-39041-CM;null;null;1;1;2;7;446;39;4;1;319;1;12/08/2025;NAVE0109;null;null;null;null;--;SIPI;2023;1222;null;322;200;144;123;134;44;55;true;;20100010136;2;ADM;COSMOS AGENCIA MARITIMA SAC;r
null;CY-51292-AM;null;null;1;1;2;7;446;39;4;1;319;1;12/08/2025;NAVE0110;null;null;null;null;--;SIPI;2023;1222;null;322;200;144;123;134;44;55;true;;20100010136;2;ADM;COSMOS AGENCIA MARITIMA SAC;r
null;PL-68254-MF;null;null;1;1;2;7;446;39;4;1;319;1;12/08/2025;NAVE0111;null;null;null;null;--;SIPI;2023;1222;null;322;200;144;123;134;44;55;true;;20100010136;2;ADM;COSMOS AGENCIA MARITIMA SAC;r
null;PT-17253-BM;null;null;1;1;2;7;446;39;4;1;319;1;12/08/2025;NAVE0112;null;null;null;null;--;SIPI;2023;1222;null;322;200;144;123;134;44;55;true;;20100010136;2;ADM;COSMOS AGENCIA MARITIMA SAC;r
null;CY-85829-EL;null;null;1;1;2;7;446;39;4;1;319;1;12/08/2025;NAVE0113;null;null;null;null;--;SIPI;2023;1222;null;322;200;144;123;134;44;55;true;;20100010136;2;ADM;COSMOS AGENCIA MARITIMA SAC;r
null;PA-39924-EM;null;null;1;1;2;7;446;39;4;1;319;1;12/08/2025;NAVE0114;null;null;null;null;--;SIPI;2023;1222;null;322;200;144;123;134;44;55;true;;20100010136;2;ADM;COSMOS AGENCIA MARITIMA SAC;r
null;SN-72099-DM;null;null;1;1;2;7;446;39;4;1;319;1;12/08/2025;NAVE0115;null;null;null;null;--;SIPI;2023;1222;null;322;200;144;123;134;44;55;true;;20100010136;2;ADM;COSMOS AGENCIA MARITIMA SAC;r
null;IQ-26845-ML;null;null;1;1;2;7;446;39;4;1;319;1;12/08/2025;NAVE0116;null;null;null;null;--;SIPI;2023;1222;null;322;200;144;123;134;44;55;true;;20100010136;2;ADM;COSMOS AGENCIA MARITIMA SAC;r
null;SN-90584-SM;null;null;1;1;2;7;446;39;4;1;319;1;12/08/2025;NAVE0117;null;null;null;null;--;SIPI;2023;1222;null;322;200;144;123;134;44;55;true;;20100010136;2;ADM;COSMOS AGENCIA MARITIMA SAC;r
null;SN-29419-SM;null;null;1;1;2;7;446;39;4;1;319;1;12/08/2025;NAVE0118;null;null;null;null;--;SIPI;2023;1222;null;322;200;144;123;134;44;55;true;;20100010136;2;ADM;COSMOS AGENCIA MARITIMA SAC;r
null;PT-15752-BF;null;null;1;1;2;7;446;39;4;1;319;1;12/08/2025;NAVE0119;null;null;null;null;--;SIPI;2023;1222;null;322;200;144;123;134;44;55;true;;20100010136;2;ADM;COSMOS AGENCIA MARITIMA SAC;r
null;ZS-82613-AF;null;null;1;1;2;7;446;39;4;1;319;1;12/08/2025;NAVE0120;null;null;null;null;--;SIPI;2023;1222;null;322;200;144;123;134;44;55;true;;20100010136;2;ADM;COSMOS AGENCIA MARITIMA SAC;r
null;CO-63511-PM;null;null;1;1;2;7;446;39;4;1;319;1;12/08/2025;NAVE0121;null;null;null;null;--;SIPI;2023;1222;null;322;200;144;123;134;44;55;true;;20100010136;2;ADM;COSMOS AGENCIA MARITIMA SAC;r
null;CO-47638-BM;null;null;1;1;2;7;446;39;4;1;319;1;12/08/2025;NAVE0122;null;null;null;null;--;SIPI;2023;1222;null;322;200;144;123;134;44;55;true;;20100010136;2;ADM;COSMOS AGENCIA MARITIMA SAC;r
null;PT-48291-EM;null;null;1;1;2;7;446;39;4;1;319;1;12/08/2025;NAVE0123;null;null;null;null;--;SIPI;2023;1222;null;322;200;144;123;134;44;55;true;;20100010136;2;ADM;COSMOS AGENCIA MARITIMA SAC;r
null;CY-84488-EL;null;null;1;1;2;7;446;39;4;1;319;1;12/08/2025;NAVE0124;null;null;null;null;--;SIPI;2023;1222;null;322;200;144;123;134;44;55;true;;20100010136;2;ADM;COSMOS AGENCIA MARITIMA SAC;r
null;CE-27802-AM;null;null;1;1;2;7;446;39;4;1;319;1;12/08/2025;NAVE0125;null;null;null;null;--;SIPI;2023;1222;null;322;200;144;123;134;44;55;true;;20100010136;2;ADM;COSMOS AGENCIA MARITIMA SAC;r
null;MO-39650-ML;null;null;1;1;2;7;446;39;4;1;319;1;12/08/2025;NAVE0126;null;null;null;null;--;SIPI;2023;1222;null;322;200;144;123;134;44;55;true;;20100010136;2;ADM;COSMOS AGENCIA MARITIMA SAC;r
null;CO-07125-BF;null;null;1;1;2;7;446;39;4;1;319;1;12/08/2025;NAVE0127;null;null;null;null;--;SIPI;2023;1222;null;322;200;144;123;134;44;55;true;;20100010136;2;ADM;COSMOS AGENCIA MARITIMA SAC;r
null;PT-11583-DF;null;null;1;1;2;7;446;39;4;1;319;1;12/08/2025;NAVE0128;null;null;null;null;--;SIPI;2023;1222;null;322;200;144;123;134;44;55;true;;20100010136;2;ADM;COSMOS AGENCIA MARITIMA SAC;r
null;YU-11237-MF;null;null;1;1;2;7;446;39;4;1;319;1;12/08/2025;NAVE0129;null;null;null;null;--;SIPI;2023;1222;null;322;200;144;123;134;44;55;true;;20100010136;2;ADM;COSMOS AGENCIA MARITIMA SAC;r
null;CE-12034-AM;null;null;1;1;2;7;446;39;4;1;319;1;12/08/2025;NAVE0130;null;null;null;null;--;SIPI;2023;1222;null;322;200;144;123;134;44;55;true;;20100010136;2;ADM;COSMOS AGENCIA MARITIMA SAC;r
null;ZS-46074-AM;null;null;1;1;2;7;446;39;4;1;319;1;12/08/2025;NAVE0131;null;null;null;null;--;SIPI;2023;1222;null;322;200;144;123;134;44;55;true;;20100010136;2;ADM;COSMOS AGENCIA MARITIMA SAC;r
null;CY-88633-SM;null;null;1;1;2;7;446;39;4;1;319;1;12/08/2025;NAVE0132;null;null;null;null;--;SIPI;2023;1222;null;322;200;144;123;134;44;55;true;;20100010136;2;ADM;COSMOS AGENCIA MARITIMA SAC;r
null;CY-24635-MM;null;null;1;1;2;7;446;39;4;1;319;1;12/08/2025;NAVE0133;null;null;null;null;--;SIPI;2023;1222;null;322;200;144;123;134;44;55;true;;20100010136;2;ADM;COSMOS AGENCIA MARITIMA SAC;r
null;TA-30416-BM;null;null;1;1;2;7;446;39;4;1;319;1;12/08/2025;NAVE0134;null;null;null;null;--;SIPI;2023;1222;null;322;200;144;123;134;44;55;true;;20100010136;2;ADM;COSMOS AGENCIA MARITIMA SAC;r
null;PL-20433-DL;null;null;1;1;2;7;446;39;4;1;319;1;12/08/2025;NAVE0135;null;null;null;null;--;SIPI;2023;1222;null;322;200;144;123;134;44;55;true;;20100010136;2;ADM;COSMOS AGENCIA MARITIMA SAC;r
null;PS-82477-SM;null;null;1;1;2;7;446;39;4;1;319;1;12/08/2025;NAVE0136;null;null;null;null;--;SIPI;2023;1222;null;322;200;144;123;134;44;55;true;;20100010136;2;ADM;COSMOS AGENCIA MARITIMA SAC;r
null;PS-57267-SM;null;null;1;1;2;7;446;39;4;1;319;1;12/08/2025;NAVE0137;null;null;null;null;--;SIPI;2023;1222;null;322;200;144;123;134;44;55;true;;20100010136;2;ADM;COSMOS AGENCIA MARITIMA SAC;r
null;SE-95418-PM;null;null;1;1;2;7;446;39;4;1;319;1;12/08/2025;NAVE0138;null;null;null;null;--;SIPI;2023;1222;null;322;200;144;123;134;44;55;true;;20100010136;2;ADM;COSMOS AGENCIA MARITIMA SAC;r
null;MO-62613-PM;null;null;1;1;2;7;446;39;4;1;319;1;12/08/2025;NAVE0139;null;null;null;null;--;SIPI;2023;1222;null;322;200;144;123;134;44;55;true;;20100010136;2;ADM;COSMOS AGENCIA MARITIMA SAC;r
null;PM-05860-EL;null;null;1;1;2;7;446;39;4;1;319;1;12/08/2025;NAVE0140;null;null;null;null;--;SIPI;2023;1222;null;322;200;144;123;134;44;55;true;;20100010136;2;ADM;COSMOS AGENCIA MARITIMA SAC;r
null;CE-55326-CM;null;null;1;1;2;7;446;39;4;1;319;1;12/08/2025;NAVE0141;null;null;null;null;--;SIPI;2023;1222;null;322;200;144;123;134;44;55;true;;20100010136;2;ADM;COSMOS AGENCIA MARITIMA SAC;r
null;PL-46887-EM;null;null;1;1;2;7;446;39;4;1;319;1;12/08/2025;NAVE0142;null;null;null;null;--;SIPI;2023;1222;null;322;200;144;123;134;44;55;true;;20100010136;2;ADM;COSMOS AGENCIA MARITIMA SAC;r
null;PS-55325-CM;null;null;1;1;2;7;446;39;4;1;319;1;12/08/2025;NAVE0143;null;null;null;null;--;SIPI;2023;1222;null;322;200;144;123;134;44;55;true;;20100010136;2;ADM;COSMOS AGENCIA MARITIMA SAC;r
null;YU-07850-DF;null;null;1;1;2;7;446;39;4;1;319;1;12/08/2025;NAVE0144;null;null;null;null;--;SIPI;2023;1222;null;322;200;144;123;134;44;55;true;;20100010136;2;ADM;COSMOS AGENCIA MARITIMA SAC;r
null;YU-74903-DL;null;null;1;1;2;7;446;39;4;1;319;1;12/08/2025;NAVE0145;null;null;null;null;--;SIPI;2023;1222;null;322;200;144;123;134;44;55;true;;20100010136;2;ADM;COSMOS AGENCIA MARITIMA SAC;r
null;CO-94947-DM;null;null;1;1;2;7;446;39;4;1;319;1;12/08/2025;NAVE0146;null;null;null;null;--;SIPI;2023;1222;null;322;200;144;123;134;44;55;true;;20100010136;2;ADM;COSMOS AGENCIA MARITIMA SAC;r
null;IQ-35602-DF;null;null;1;1;2;7;446;39;4;1;319;1;12/08/2025;NAVE0147;null;null;null;null;--;SIPI;2023;1222;null;322;200;144;123;134;44;55;true;;20100010136;2;ADM;COSMOS AGENCIA MARITIMA SAC;r
null;SN-98166-SM;null;null;1;1;2;7;446;39;4;1;319;1;12/08/2025;NAVE0148;null;null;null;null;--;SIPI;2023;1222;null;322;200;144;123;134;44;55;true;;20100010136;2;ADM;COSMOS AGENCIA MARITIMA SAC;r
null;CE-85744-AF;null;null;1;1;2;7;446;39;4;1;319;1;12/08/2025;NAVE0149;null;null;null;null;--;SIPI;2023;1222;null;322;200;144;123;134;44;55;true;;20100010136;2;ADM;COSMOS AGENCIA MARITIMA SAC;r
null;CE-40182-MF;null;null;1;1;2;7;446;39;4;1;319;1;12/08/2025;NAVE0150;null;null;null;null;--;SIPI;2023;1222;null;322;200;144;123;134;44;55;true;;20100010136;2;ADM;COSMOS AGENCIA MARITIMA SAC;r
