acronimo;tipoSeguimientoId;document;documentInstance;annoEscala;numeroEscala;rucAgente;numeroViaje;eta;etd;puertoOrigenId;puertoDestinoId;indMmpp;indPasajeros;indNarcoticos;indCabotaje;tipoTraficoId;instalacionAtraqueId;estadoEscalaId;ata;atd;fechaLibrePlatica;indPbip;localidadProc;localidadDest;autCancZarpe;tipManifiesto;aduanaId;annoManifiesto;numManifiesto;estCierreDue;indFormatoRec;reutilizarNave;imo;matricula;callSign;bandera;claveNegocioCamunda;instanciaCamundaId;etb;etbDate;etbHours;etdDate;etdHours;escalaId;fichaTecnicaDetIn;nombreNave;fichaTecnicaDetSa;puertoEscalaId;etaDate;etaHours;listaConvoyId;listaZarpesId;anuncio;id;registerArrival;directReception;corrected;requiredNill;escalaId
AE;1;null;null;;;20100010136;NAVE0001;2025-08-30T16:48:40.000Z;2025-09-01T16:48:56.000Z;1356;1522;false;false;false;false;1;12;1;;null;;;;;;I;;;;0;;false;null;CO-42280-DF;null;ALBANIA;qpmoednrcoaadiqtsdpj;ba1b42fe-810a-11f0-82ec-525400a18efc;null;null;null;2025-06-30T05:00:00.000Z;2025-06-25T21:48:56.935Z;;4112;NAVE0001;null;CLL;2025-08-30T05:00:00.000Z;2025-09-03T21:48:40.544Z;;;true;null;false;false;false;false;0
AE;1;null;null;;;20100010136;NAVE0002;2025-08-30T16:48:40.000Z;2025-09-01T16:48:56.000Z;1356;1522;false;false;false;false;1;12;1;;null;;;;;;I;;;;0;;false;null;SE-84292-BF;null;ALBANIA;qmqqraobiqqoctglfigp;b9d27a32-810a-11f0-82ec-525400a18efc;null;null;null;2025-06-30T05:00:00.000Z;2025-06-25T21:48:56.935Z;;4111;NAVE0002;null;CLL;2025-08-30T05:00:00.000Z;2025-09-03T21:48:40.544Z;;;true;null;false;false;false;false;0
AE;1;null;null;;;20100010136;NAVE0003;2025-08-30T16:48:40.000Z;2025-09-01T16:48:56.000Z;1356;1522;false;false;false;false;1;12;1;;null;;;;;;I;;;;0;;false;null;SY-14474-DM;null;ALBANIA;qcldlneecdbbhldatqnp;b984f648-810a-11f0-82ec-525400a18efc;null;null;null;2025-06-30T05:00:00.000Z;2025-06-25T21:48:56.935Z;;4110;NAVE0003;null;CLL;2025-08-30T05:00:00.000Z;2025-09-03T21:48:40.544Z;;;true;null;false;false;false;false;0
AE;1;null;null;;;20100010136;NAVE0004;2025-08-30T16:48:40.000Z;2025-09-01T16:48:56.000Z;1356;1522;false;false;false;false;1;12;1;;null;;;;;;I;;;;0;;false;null;SE-43025-AL;null;ALBANIA;qrjlejqqaifbsoigjrdk;b9363a3a-810a-11f0-82ec-525400a18efc;null;null;null;2025-06-30T05:00:00.000Z;2025-06-25T21:48:56.935Z;;4109;NAVE0004;null;CLL;2025-08-30T05:00:00.000Z;2025-09-03T21:48:40.544Z;;;true;null;false;false;false;false;0
AE;1;null;null;;;20100010136;NAVE0005;2025-08-30T16:48:40.000Z;2025-09-01T16:48:56.000Z;1356;1522;false;false;false;false;1;12;1;;null;;;;;;I;;;;0;;false;null;IO-77227-MM;null;ALBANIA;okgbsplpribijjcdjrne;b8e9eee4-810a-11f0-82ec-525400a18efc;null;null;null;2025-06-30T05:00:00.000Z;2025-06-25T21:48:56.935Z;;4108;NAVE0005;null;CLL;2025-08-30T05:00:00.000Z;2025-09-03T21:48:40.544Z;;;true;null;false;false;false;false;0
AE;1;null;null;;;20100010136;NAVE0006;2025-08-30T16:48:40.000Z;2025-09-01T16:48:56.000Z;1356;1522;false;false;false;false;1;12;1;;null;;;;;;I;;;;0;;false;null;PU-95899-SM;null;ALBANIA;chjeioqogcnrhtgdrclc;b89e66de-810a-11f0-82ec-525400a18efc;null;null;null;2025-06-30T05:00:00.000Z;2025-06-25T21:48:56.935Z;;4107;NAVE0006;null;CLL;2025-08-30T05:00:00.000Z;2025-09-03T21:48:40.544Z;;;true;null;false;false;false;false;0
AE;1;null;null;;;20100010136;NAVE0007;2025-08-30T16:48:40.000Z;2025-09-01T16:48:56.000Z;1356;1522;false;false;false;false;1;12;1;;null;;;;;;I;;;;0;;false;null;PS-48177-AM;null;ALBANIA;mjladnntpfdddcoealkg;b8546578-810a-11f0-82ec-525400a18efc;null;null;null;2025-06-30T05:00:00.000Z;2025-06-25T21:48:56.935Z;;4106;NAVE0007;null;CLL;2025-08-30T05:00:00.000Z;2025-09-03T21:48:40.544Z;;;true;null;false;false;false;false;0
AE;1;null;null;;;20100010136;NAVE0008;2025-08-30T16:48:40.000Z;2025-09-01T16:48:56.000Z;1356;1522;false;false;false;false;1;12;1;;null;;;;;;I;;;;0;;false;null;PL-80765-EM;null;ALBANIA;fjsommrqggofatgaadof;b805a922-810a-11f0-82ec-525400a18efc;null;null;null;2025-06-30T05:00:00.000Z;2025-06-25T21:48:56.935Z;;4105;NAVE0008;null;CLL;2025-08-30T05:00:00.000Z;2025-09-03T21:48:40.544Z;;;true;null;false;false;false;false;0
AE;1;null;null;;;20100010136;NAVE0009;2025-08-30T16:48:40.000Z;2025-09-01T16:48:56.000Z;1356;1522;false;false;false;false;1;12;1;;null;;;;;;I;;;;0;;false;null;PA-90867-ML;null;ALBANIA;ktjecjoolrfnrpbtjqbl;b7bc921c-810a-11f0-82ec-525400a18efc;null;null;null;2025-06-30T05:00:00.000Z;2025-06-25T21:48:56.935Z;;4104;NAVE0009;null;CLL;2025-08-30T05:00:00.000Z;2025-09-03T21:48:40.544Z;;;true;null;false;false;false;false;0
AE;1;null;null;;;20100010136;NAVE0010;2025-08-30T16:48:40.000Z;2025-09-01T16:48:56.000Z;1356;1522;false;false;false;false;1;12;1;;null;;;;;;I;;;;0;;false;null;MO-53849-MM;null;ALBANIA;pdnpefccfqbhdacqjbjc;b7713118-810a-11f0-82ec-525400a18efc;null;null;null;2025-06-30T05:00:00.000Z;2025-06-25T21:48:56.935Z;;4103;NAVE0010;null;CLL;2025-08-30T05:00:00.000Z;2025-09-03T21:48:40.544Z;;;true;null;false;false;false;false;0
AE;1;null;null;;;20100010136;NAVE0011;2025-08-30T16:48:40.000Z;2025-09-01T16:48:56.000Z;1356;1522;false;false;false;false;1;12;1;;null;;;;;;I;;;;0;;false;null;CE-00417-AM;null;ALBANIA;bbcngokiqmakttljkder;b71f8ea0-810a-11f0-82ec-525400a18efc;null;null;null;2025-06-30T05:00:00.000Z;2025-06-25T21:48:56.935Z;;4102;NAVE0011;null;CLL;2025-08-30T05:00:00.000Z;2025-09-03T21:48:40.544Z;;;true;null;false;false;false;false;0
AE;1;null;null;;;20100010136;NAVE0012;2025-08-30T16:48:40.000Z;2025-09-01T16:48:56.000Z;1356;1522;false;false;false;false;1;12;1;;null;;;;;;I;;;;0;;false;null;TA-88733-BL;null;ALBANIA;pkotfjtschkpieqoofqq;b6d6779a-810a-11f0-82ec-525400a18efc;null;null;null;2025-06-30T05:00:00.000Z;2025-06-25T21:48:56.935Z;;4101;NAVE0012;null;CLL;2025-08-30T05:00:00.000Z;2025-09-03T21:48:40.544Z;;;true;null;false;false;false;false;0
AE;1;null;null;;;20100010136;NAVE0013;2025-08-30T16:48:40.000Z;2025-09-01T16:48:56.000Z;1356;1522;false;false;false;false;1;12;1;;null;;;;;;I;;;;0;;false;null;SE-74607-AL;null;ALBANIA;bermghlctibrhffcpohc;b686d0e4-810a-11f0-82ec-525400a18efc;null;null;null;2025-06-30T05:00:00.000Z;2025-06-25T21:48:56.935Z;;4100;NAVE0013;null;CLL;2025-08-30T05:00:00.000Z;2025-09-03T21:48:40.544Z;;;true;null;false;false;false;false;0
AE;1;null;null;;;20100010136;NAVE0014;2025-08-30T16:48:40.000Z;2025-09-01T16:48:56.000Z;1356;1522;false;false;false;false;1;12;1;;null;;;;;;I;;;;0;;false;null;MO-84878-DF;null;ALBANIA;klthgatbnpbfqkesleok;b63a5e7e-810a-11f0-82ec-525400a18efc;null;null;null;2025-06-30T05:00:00.000Z;2025-06-25T21:48:56.935Z;;4099;NAVE0014;null;CLL;2025-08-30T05:00:00.000Z;2025-09-03T21:48:40.544Z;;;true;null;false;false;false;false;0
AE;1;null;null;;;20100010136;NAVE0015;2025-08-30T16:48:40.000Z;2025-09-01T16:48:56.000Z;1356;1522;false;false;false;false;1;12;1;;null;;;;;;I;;;;0;;false;null;PA-41929-DF;null;ALBANIA;otiidlnaanfeearabqhe;b5ee3a38-810a-11f0-82ec-525400a18efc;null;null;null;2025-06-30T05:00:00.000Z;2025-06-25T21:48:56.935Z;;4098;NAVE0015;null;CLL;2025-08-30T05:00:00.000Z;2025-09-03T21:48:40.544Z;;;true;null;false;false;false;false;0
AE;1;null;null;;;20100010136;NAVE0016;2025-08-30T16:48:40.000Z;2025-09-01T16:48:56.000Z;1356;1522;false;false;false;false;1;12;1;;null;;;;;;I;;;;0;;false;null;CY-32186-ML;null;ALBANIA;gbchmsosdgjskemrkqtb;b5a1c8d2-810a-11f0-82ec-525400a18efc;null;null;null;2025-06-30T05:00:00.000Z;2025-06-25T21:48:56.935Z;;4097;NAVE0016;null;CLL;2025-08-30T05:00:00.000Z;2025-09-03T21:48:40.544Z;;;true;null;false;false;false;false;0
AE;1;null;null;;;20100010136;NAVE0017;2025-08-30T16:48:40.000Z;2025-09-01T16:48:56.000Z;1356;1522;false;false;false;false;1;12;1;;null;;;;;;I;;;;0;;false;null;HO-27660-EF;null;ALBANIA;ingptjsclatjmocsaejt;b557791e-810a-11f0-82ec-525400a18efc;null;null;null;2025-06-30T05:00:00.000Z;2025-06-25T21:48:56.935Z;;4096;NAVE0017;null;CLL;2025-08-30T05:00:00.000Z;2025-09-03T21:48:40.544Z;;;true;null;false;false;false;false;0
AE;1;null;null;;;20100010136;NAVE0018;2025-08-30T16:48:40.000Z;2025-09-01T16:48:56.000Z;1356;1522;false;false;false;false;1;12;1;;null;;;;;;I;;;;0;;false;null;YU-73626-CM;null;ALBANIA;qrkqaqqtsftcetrajnhg;b509f534-810a-11f0-82ec-525400a18efc;null;null;null;2025-06-30T05:00:00.000Z;2025-06-25T21:48:56.935Z;;4095;NAVE0018;null;CLL;2025-08-30T05:00:00.000Z;2025-09-03T21:48:40.544Z;;;true;null;false;false;false;false;0
AE;1;null;null;;;20100010136;NAVE0019;2025-08-30T16:48:40.000Z;2025-09-01T16:48:56.000Z;1356;1522;false;false;false;false;1;12;1;;null;;;;;;I;;;;0;;false;null;CO-59286-EM;null;ALBANIA;fridmosofsrdtchemsjg;b4bd0d96-810a-11f0-82ec-525400a18efc;null;null;null;2025-06-30T05:00:00.000Z;2025-06-25T21:48:56.935Z;;4094;NAVE0019;null;CLL;2025-08-30T05:00:00.000Z;2025-09-03T21:48:40.544Z;;;true;null;false;false;false;false;0
AE;1;null;null;;;20100010136;NAVE0020;2025-08-30T16:48:40.000Z;2025-09-01T16:48:56.000Z;1356;1522;false;false;false;false;1;12;1;;null;;;;;;I;;;;0;;false;null;PM-06960-DF;null;ALBANIA;gkdrrrlkedptiqskfqpb;b470c27c-810a-11f0-82ec-525400a18efc;null;null;null;2025-06-30T05:00:00.000Z;2025-06-25T21:48:56.935Z;;4093;NAVE0020;null;CLL;2025-08-30T05:00:00.000Z;2025-09-03T21:48:40.544Z;;;true;null;false;false;false;false;0
AE;1;null;null;;;20100010136;NAVE0021;2025-08-30T16:48:40.000Z;2025-09-01T16:48:56.000Z;1356;1522;false;false;false;false;1;12;1;;null;;;;;;I;;;;0;;false;null;SN-13802-EM;null;ALBANIA;hcpojgbdnscbrkrmpgti;b42624d6-810a-11f0-82ec-525400a18efc;null;null;null;2025-06-30T05:00:00.000Z;2025-06-25T21:48:56.935Z;;4092;NAVE0021;null;CLL;2025-08-30T05:00:00.000Z;2025-09-03T21:48:40.544Z;;;true;null;false;false;false;false;0
AE;1;null;null;;;20100010136;NAVE0022;2025-08-30T16:48:40.000Z;2025-09-01T16:48:56.000Z;1356;1522;false;false;false;false;1;12;1;;null;;;;;;I;;;;0;;false;null;IQ-42252-BM;null;ALBANIA;piqnnaqjnncqngedddqn;b3dd34e0-810a-11f0-82ec-525400a18efc;null;null;null;2025-06-30T05:00:00.000Z;2025-06-25T21:48:56.935Z;;4091;NAVE0022;null;CLL;2025-08-30T05:00:00.000Z;2025-09-03T21:48:40.544Z;;;true;null;false;false;false;false;0
AE;1;null;null;;;20100010136;NAVE0023;2025-08-30T16:48:40.000Z;2025-09-01T16:48:56.000Z;1356;1522;false;false;false;false;1;12;1;;null;;;;;;I;;;;0;;false;null;MO-09986-AF;null;ALBANIA;idjecpcfdakteabjsjji;b38e517a-810a-11f0-82ec-525400a18efc;null;null;null;2025-06-30T05:00:00.000Z;2025-06-25T21:48:56.935Z;;4090;NAVE0023;null;CLL;2025-08-30T05:00:00.000Z;2025-09-03T21:48:40.544Z;;;true;null;false;false;false;false;0
AE;1;null;null;;;20100010136;NAVE0024;2025-08-30T16:48:40.000Z;2025-09-01T16:48:56.000Z;1356;1522;false;false;false;false;1;12;1;;null;;;;;;I;;;;0;;false;null;TA-54040-SM;null;ALBANIA;eikahbmhnndpobpocefb;b3403164-810a-11f0-82ec-525400a18efc;null;null;null;2025-06-30T05:00:00.000Z;2025-06-25T21:48:56.935Z;;4089;NAVE0024;null;CLL;2025-08-30T05:00:00.000Z;2025-09-03T21:48:40.544Z;;;true;null;false;false;false;false;0
AE;1;null;null;;;20100010136;NAVE0025;2025-08-30T16:48:40.000Z;2025-09-01T16:48:56.000Z;1356;1522;false;false;false;false;1;12;1;;null;;;;;;I;;;;0;;false;null;CO-42138-AF;null;ALBANIA;pblqnqenaqmlrqtpbeon;b2f4824e-810a-11f0-82ec-525400a18efc;null;null;null;2025-06-30T05:00:00.000Z;2025-06-25T21:48:56.935Z;;4088;NAVE0025;null;CLL;2025-08-30T05:00:00.000Z;2025-09-03T21:48:40.544Z;;;true;null;false;false;false;false;0
AE;1;null;null;;;20100010136;NAVE0026;2025-08-30T16:48:40.000Z;2025-09-01T16:48:56.000Z;1356;1522;false;false;false;false;1;12;1;;null;;;;;;I;;;;0;;false;null;MO-68500-CM;null;ALBANIA;ksihmjqldnbojjtdjrnt;b2ab4438-810a-11f0-82ec-525400a18efc;null;null;null;2025-06-30T05:00:00.000Z;2025-06-25T21:48:56.935Z;;4087;NAVE0026;null;CLL;2025-08-30T05:00:00.000Z;2025-09-03T21:48:40.544Z;;;true;null;false;false;false;false;0
AE;1;null;null;;;20100010136;NAVE0027;2025-08-30T16:48:40.000Z;2025-09-01T16:48:56.000Z;1356;1522;false;false;false;false;1;12;1;;null;;;;;;I;;;;0;;false;null;CO-16918-BM;null;ALBANIA;ijitfhhefirjemltpsqs;b25c88e2-810a-11f0-82ec-525400a18efc;null;null;null;2025-06-30T05:00:00.000Z;2025-06-25T21:48:56.935Z;;4086;NAVE0027;null;CLL;2025-08-30T05:00:00.000Z;2025-09-03T21:48:40.544Z;;;true;null;false;false;false;false;0
AE;1;null;null;;;20100010136;NAVE0028;2025-08-30T16:48:40.000Z;2025-09-01T16:48:56.000Z;1356;1522;false;false;false;false;1;12;1;;null;;;;;;I;;;;0;;false;null;PM-07200-DF;null;ALBANIA;dppbrnqddforggortsij;b2103d8c-810a-11f0-82ec-525400a18efc;null;null;null;2025-06-30T05:00:00.000Z;2025-06-25T21:48:56.935Z;;4085;NAVE0028;null;CLL;2025-08-30T05:00:00.000Z;2025-09-03T21:48:40.544Z;;;true;null;false;false;false;false;0
AE;1;null;null;;;20100010136;NAVE0029;2025-08-30T16:48:40.000Z;2025-09-01T16:48:56.000Z;1356;1522;false;false;false;false;1;12;1;;null;;;;;;I;;;;0;;false;null;SE-37214-AF;null;ALBANIA;kfcbdljcnpdhokkbkjak;b1c24486-810a-11f0-82ec-525400a18efc;null;null;null;2025-06-30T05:00:00.000Z;2025-06-25T21:48:56.935Z;;4084;NAVE0029;null;CLL;2025-08-30T05:00:00.000Z;2025-09-03T21:48:40.544Z;;;true;null;false;false;false;false;0
AE;1;null;null;;;20100010136;NAVE0030;2025-08-30T16:48:40.000Z;2025-09-01T16:48:56.000Z;1356;1522;false;false;false;false;1;12;1;;null;;;;;;I;;;;0;;false;null;IO-97141-ML;null;ALBANIA;jjaiajjekmhoscoihbfo;b175f930-810a-11f0-82ec-525400a18efc;null;null;null;2025-06-30T05:00:00.000Z;2025-06-25T21:48:56.935Z;;4083;NAVE0030;null;CLL;2025-08-30T05:00:00.000Z;2025-09-03T21:48:40.544Z;;;true;null;false;false;false;false;0
AE;1;null;null;;;20100010136;NAVE0031;2025-08-30T16:48:40.000Z;2025-09-01T16:48:56.000Z;1356;1522;false;false;false;false;1;12;1;;null;;;;;;I;;;;0;;false;null;IO-03878-EM;null;ALBANIA;kreobskmbikdakiehfmo;b12b0d6a-810a-11f0-82ec-525400a18efc;null;null;null;2025-06-30T05:00:00.000Z;2025-06-25T21:48:56.935Z;;4082;NAVE0031;null;CLL;2025-08-30T05:00:00.000Z;2025-09-03T21:48:40.544Z;;;true;null;false;false;false;false;0
AE;1;null;null;;;20100010136;NAVE0032;2025-08-30T16:48:40.000Z;2025-09-01T16:48:56.000Z;1356;1522;false;false;false;false;1;12;1;;null;;;;;;I;;;;0;;false;null;YU-03442-MF;null;ALBANIA;dkfjsphqabsbffrhpofr;b0df3744-810a-11f0-82ec-525400a18efc;null;null;null;2025-06-30T05:00:00.000Z;2025-06-25T21:48:56.935Z;;4081;NAVE0032;null;CLL;2025-08-30T05:00:00.000Z;2025-09-03T21:48:40.544Z;;;true;null;false;false;false;false;0
AE;1;null;null;;;20100010136;NAVE0033;2025-08-30T16:48:40.000Z;2025-09-01T16:48:56.000Z;1356;1522;false;false;false;false;1;12;1;;null;;;;;;I;;;;0;;false;null;PU-35793-MM;null;ALBANIA;fjlrkriqthpthnfjbgrr;b0955d64-810a-11f0-82ec-525400a18efc;null;null;null;2025-06-30T05:00:00.000Z;2025-06-25T21:48:56.935Z;;4080;NAVE0033;null;CLL;2025-08-30T05:00:00.000Z;2025-09-03T21:48:40.544Z;;;true;null;false;false;false;false;0
AE;1;null;null;;;20100010136;NAVE0034;2025-08-30T16:48:40.000Z;2025-09-01T16:48:56.000Z;1356;1522;false;false;false;false;1;12;1;;null;;;;;;I;;;;0;;false;null;SN-69110-MM;null;ALBANIA;ejldnntjbcnkhdidhqlp;b04bd148-810a-11f0-82ec-525400a18efc;null;null;null;2025-06-30T05:00:00.000Z;2025-06-25T21:48:56.935Z;;4079;NAVE0034;null;CLL;2025-08-30T05:00:00.000Z;2025-09-03T21:48:40.544Z;;;true;null;false;false;false;false;0
AE;1;null;null;;;20100010136;NAVE0035;2025-08-30T16:48:40.000Z;2025-09-01T16:48:56.000Z;1356;1522;false;false;false;false;1;12;1;;null;;;;;;I;;;;0;;false;null;CE-88133-BM;null;ALBANIA;fsmitrmtmjkmertbacen;affa2eae-810a-11f0-82ec-525400a18efc;null;null;null;2025-06-30T05:00:00.000Z;2025-06-25T21:48:56.935Z;;4078;NAVE0035;null;CLL;2025-08-30T05:00:00.000Z;2025-09-03T21:48:40.544Z;;;true;null;false;false;false;false;0
AE;1;null;null;;;20100010136;NAVE0036;2025-08-30T16:48:40.000Z;2025-09-01T16:48:56.000Z;1356;1522;false;false;false;false;1;12;1;;null;;;;;;I;;;;0;;false;null;PT-16761-DL;null;ALBANIA;fggmbkcrngnhlbijrdpq;afacd18c-810a-11f0-82ec-525400a18efc;null;null;null;2025-06-30T05:00:00.000Z;2025-06-25T21:48:56.935Z;;4077;NAVE0036;null;CLL;2025-08-30T05:00:00.000Z;2025-09-03T21:48:40.544Z;;;true;null;false;false;false;false;0
AE;1;null;null;;;20100010136;NAVE0037;2025-08-30T16:48:40.000Z;2025-09-01T16:48:56.000Z;1356;1522;false;false;false;false;1;12;1;;null;;;;;;I;;;;0;;false;null;PL-17017-BL;null;ALBANIA;mqemrbbmrtrogqmprtmh;af61beb6-810a-11f0-82ec-525400a18efc;null;null;null;2025-06-30T05:00:00.000Z;2025-06-25T21:48:56.935Z;;4076;NAVE0037;null;CLL;2025-08-30T05:00:00.000Z;2025-09-03T21:48:40.544Z;;;true;null;false;false;false;false;0
AE;1;null;null;;;20100010136;NAVE0038;2025-08-30T16:48:40.000Z;2025-09-01T16:48:56.000Z;1356;1522;false;false;false;false;1;12;1;;null;;;;;;I;;;;0;;false;null;PM-19223-AL;null;ALBANIA;notlpfbgkcetqalmmpsh;af160fa0-810a-11f0-82ec-525400a18efc;null;null;null;2025-06-30T05:00:00.000Z;2025-06-25T21:48:56.935Z;;4075;NAVE0038;null;CLL;2025-08-30T05:00:00.000Z;2025-09-03T21:48:40.544Z;;;true;null;false;false;false;false;0
AE;1;null;null;;;20100010136;NAVE0039;2025-08-30T16:48:40.000Z;2025-09-01T16:48:56.000Z;1356;1522;false;false;false;false;1;12;1;;null;;;;;;I;;;;0;;false;null;SE-56558-EL;null;ALBANIA;ihqsisccednirdnasogo;aec864ba-810a-11f0-82ec-525400a18efc;null;null;null;2025-06-30T05:00:00.000Z;2025-06-25T21:48:56.935Z;;4074;NAVE0039;null;CLL;2025-08-30T05:00:00.000Z;2025-09-03T21:48:40.544Z;;;true;null;false;false;false;false;0
AE;1;null;null;;;20100010136;NAVE0040;2025-08-30T16:48:40.000Z;2025-09-01T16:48:56.000Z;1356;1522;false;false;false;false;1;12;1;;null;;;;;;I;;;;0;;false;null;SE-56978-SM;null;ALBANIA;elqbcrriihfmnlcnnnrc;ae7c4174-810a-11f0-82ec-525400a18efc;null;null;null;2025-06-30T05:00:00.000Z;2025-06-25T21:48:56.935Z;;4073;NAVE0040;null;CLL;2025-08-30T05:00:00.000Z;2025-09-03T21:48:40.544Z;;;true;null;false;false;false;false;0
AE;1;null;null;;;20100010136;NAVE0041;2025-08-30T16:48:40.000Z;2025-09-01T16:48:56.000Z;1356;1522;false;false;false;false;1;12;1;;null;;;;;;I;;;;0;;false;null;SY-19483-AM;null;ALBANIA;rjhjbcmtcfcclectrdrj;ae2fcf0e-810a-11f0-82ec-525400a18efc;null;null;null;2025-06-30T05:00:00.000Z;2025-06-25T21:48:56.935Z;;4072;NAVE0041;null;CLL;2025-08-30T05:00:00.000Z;2025-09-03T21:48:40.544Z;;;true;null;false;false;false;false;0
AE;1;null;null;;;20100010136;NAVE0042;2025-08-30T16:48:40.000Z;2025-09-01T16:48:56.000Z;1356;1522;false;false;false;false;1;12;1;;null;;;;;;I;;;;0;;false;null;MO-71456-BM;null;ALBANIA;paltstlkijnfresckoeb;ade3f8e8-810a-11f0-82ec-525400a18efc;null;null;null;2025-06-30T05:00:00.000Z;2025-06-25T21:48:56.935Z;;4071;NAVE0042;null;CLL;2025-08-30T05:00:00.000Z;2025-09-03T21:48:40.544Z;;;true;null;false;false;false;false;0
AE;1;null;null;;;20100010136;NAVE0043;2025-08-30T16:48:40.000Z;2025-09-01T16:48:56.000Z;1356;1522;false;false;false;false;1;12;1;;null;;;;;;I;;;;0;;false;null;IQ-47717-MF;null;ALBANIA;fgqhjgikdgkhnqfekhcn;ad964e02-810a-11f0-82ec-525400a18efc;null;null;null;2025-06-30T05:00:00.000Z;2025-06-25T21:48:56.935Z;;4070;NAVE0043;null;CLL;2025-08-30T05:00:00.000Z;2025-09-03T21:48:40.544Z;;;true;null;false;false;false;false;0
AE;1;null;null;;;20100010136;NAVE0044;2025-08-30T16:48:40.000Z;2025-09-01T16:48:56.000Z;1356;1522;false;false;false;false;1;12;1;;null;;;;;;I;;;;0;;false;null;CE-48547-PM;null;ALBANIA;fehlohjlriomdmomqhnf;ad4ac5fc-810a-11f0-82ec-525400a18efc;null;null;null;2025-06-30T05:00:00.000Z;2025-06-25T21:48:56.935Z;;4069;NAVE0044;null;CLL;2025-08-30T05:00:00.000Z;2025-09-03T21:48:40.544Z;;;true;null;false;false;false;false;0
AE;1;null;null;;;20100010136;NAVE0045;2025-08-30T16:48:40.000Z;2025-09-01T16:48:56.000Z;1356;1522;false;false;false;false;1;12;1;;null;;;;;;I;;;;0;;false;null;SE-64520-CM;null;ALBANIA;jeagmijpslaqjsmfmfpg;ad0112b6-810a-11f0-82ec-525400a18efc;null;null;null;2025-06-30T05:00:00.000Z;2025-06-25T21:48:56.935Z;;4068;NAVE0045;null;CLL;2025-08-30T05:00:00.000Z;2025-09-03T21:48:40.544Z;;;true;null;false;false;false;false;0
AE;1;null;null;;;20100010136;NAVE0046;2025-08-30T16:48:40.000Z;2025-09-01T16:48:56.000Z;1356;1522;false;false;false;false;1;12;1;;null;;;;;;I;;;;0;;false;null;SN-60077-DF;null;ALBANIA;prkggqljkfddbiaghnli;acb2a480-810a-11f0-82ec-525400a18efc;null;null;null;2025-06-30T05:00:00.000Z;2025-06-25T21:48:56.935Z;;4067;NAVE0046;null;CLL;2025-08-30T05:00:00.000Z;2025-09-03T21:48:40.544Z;;;true;null;false;false;false;false;0
AE;1;null;null;;;20100010136;NAVE0047;2025-08-30T16:48:40.000Z;2025-09-01T16:48:56.000Z;1356;1522;false;false;false;false;1;12;1;;null;;;;;;I;;;;0;;false;null;IO-30287-DM;null;ALBANIA;cgapgarciasqnpgoqofp;ac67dfca-810a-11f0-82ec-525400a18efc;null;null;null;2025-06-30T05:00:00.000Z;2025-06-25T21:48:56.935Z;;4066;NAVE0047;null;CLL;2025-08-30T05:00:00.000Z;2025-09-03T21:48:40.544Z;;;true;null;false;false;false;false;0
AE;1;null;null;;;20100010136;NAVE0048;2025-08-30T16:48:40.000Z;2025-09-01T16:48:56.000Z;1356;1522;false;false;false;false;1;12;1;;null;;;;;;I;;;;0;;false;null;PM-09460-PM;null;ALBANIA;pekokmbilkelojdfhpld;ac1cccf4-810a-11f0-82ec-525400a18efc;null;null;null;2025-06-30T05:00:00.000Z;2025-06-25T21:48:56.935Z;;4065;NAVE0048;null;CLL;2025-08-30T05:00:00.000Z;2025-09-03T21:48:40.544Z;;;true;null;false;false;false;false;0
AE;1;null;null;;;20100010136;NAVE0049;2025-08-30T16:48:40.000Z;2025-09-01T16:48:56.000Z;1356;1522;false;false;false;false;1;12;1;;null;;;;;;I;;;;0;;false;null;SY-38248-BM;null;ALBANIA;rejreedimrdkpjrtlfhe;abcdc322-810a-11f0-82ec-525400a18efc;null;null;null;2025-06-30T05:00:00.000Z;2025-06-25T21:48:56.935Z;;4064;NAVE0049;null;CLL;2025-08-30T05:00:00.000Z;2025-09-03T21:48:40.544Z;;;true;null;false;false;false;false;0
AE;1;null;null;;;20100010136;NAVE0050;2025-08-30T16:48:40.000Z;2025-09-01T16:48:56.000Z;1356;1522;false;false;false;false;1;12;1;;null;;;;;;I;;;;0;;false;null;MO-91793-EM;null;ALBANIA;laiijstjfdbbdoddisqk;ab8150d6-810a-11f0-82ec-525400a18efc;null;null;null;2025-06-30T05:00:00.000Z;2025-06-25T21:48:56.935Z;;4063;NAVE0050;null;CLL;2025-08-30T05:00:00.000Z;2025-09-03T21:48:40.544Z;;;true;null;false;false;false;false;0
AE;1;null;null;;;20100010136;NAVE0051;2025-08-30T16:48:40.000Z;2025-09-01T16:48:56.000Z;1356;1522;false;false;false;false;1;12;1;;null;;;;;;I;;;;0;;false;null;YU-59879-BM;null;ALBANIA;aqhsrkdjmagdggasocmk;ab370098-810a-11f0-82ec-525400a18efc;null;null;null;2025-06-30T05:00:00.000Z;2025-06-25T21:48:56.935Z;;4062;NAVE0051;null;CLL;2025-08-30T05:00:00.000Z;2025-09-03T21:48:40.544Z;;;true;null;false;false;false;false;0
AE;1;null;null;;;20100010136;NAVE0052;2025-08-30T16:48:40.000Z;2025-09-01T16:48:56.000Z;1356;1522;false;false;false;false;1;12;1;;null;;;;;;I;;;;0;;false;null;SN-68655-BL;null;ALBANIA;fidadhoperggtddjseoo;aaea8e4c-810a-11f0-82ec-525400a18efc;null;null;null;2025-06-30T05:00:00.000Z;2025-06-25T21:48:56.935Z;;4061;NAVE0052;null;CLL;2025-08-30T05:00:00.000Z;2025-09-03T21:48:40.544Z;;;true;null;false;false;false;false;0
AE;1;null;null;;;20100010136;NAVE0053;2025-08-30T16:48:40.000Z;2025-09-01T16:48:56.000Z;1356;1522;false;false;false;false;1;12;1;;null;;;;;;I;;;;0;;false;null;PM-42496-EM;null;ALBANIA;mgfmcgdfrasjlgbfratc;aa9ee036-810a-11f0-82ec-525400a18efc;null;null;null;2025-06-30T05:00:00.000Z;2025-06-25T21:48:56.935Z;;4060;NAVE0053;null;CLL;2025-08-30T05:00:00.000Z;2025-09-03T21:48:40.544Z;;;true;null;false;false;false;false;0
AE;1;null;null;;;20100010136;NAVE0054;2025-08-30T16:48:40.000Z;2025-09-01T16:48:56.000Z;1356;1522;false;false;false;false;1;12;1;;null;;;;;;I;;;;0;;false;null;HO-94635-BM;null;ALBANIA;rtkdfslibtglpgqjmglb;aa4f6090-810a-11f0-82ec-525400a18efc;null;null;null;2025-06-30T05:00:00.000Z;2025-06-25T21:48:56.935Z;;4059;NAVE0054;null;CLL;2025-08-30T05:00:00.000Z;2025-09-03T21:48:40.544Z;;;true;null;false;false;false;false;0
AE;1;null;null;;;20100010136;NAVE0055;2025-08-30T16:48:40.000Z;2025-09-01T16:48:56.000Z;1356;1522;false;false;false;false;1;12;1;;null;;;;;;I;;;;0;;false;null;PM-82703-BL;null;ALBANIA;ndadkkflgcgjgcoepcim;aa03153a-810a-11f0-82ec-525400a18efc;null;null;null;2025-06-30T05:00:00.000Z;2025-06-25T21:48:56.935Z;;4058;NAVE0055;null;CLL;2025-08-30T05:00:00.000Z;2025-09-03T21:48:40.544Z;;;true;null;false;false;false;false;0
AE;1;null;null;;;20100010136;NAVE0056;2025-08-30T16:48:40.000Z;2025-09-01T16:48:56.000Z;1356;1522;false;false;false;false;1;12;1;;null;;;;;;I;;;;0;;false;null;PM-20615-BL;null;ALBANIA;tjopjfjeercidjcsgqcr;a9bf0744-810a-11f0-82ec-525400a18efc;null;null;null;2025-06-30T05:00:00.000Z;2025-06-25T21:48:56.935Z;;4057;NAVE0056;null;CLL;2025-08-30T05:00:00.000Z;2025-09-03T21:48:40.544Z;;;true;null;false;false;false;false;0
AE;1;null;null;;;20100010136;NAVE0057;2025-08-30T16:48:40.000Z;2025-09-01T16:48:56.000Z;1356;1522;false;false;false;false;1;12;1;;null;;;;;;I;;;;0;;false;null;IO-97798-MM;null;ALBANIA;loasbogmeegrenhmrgcs;a96dd9ee-810a-11f0-82ec-525400a18efc;null;null;null;2025-06-30T05:00:00.000Z;2025-06-25T21:48:56.935Z;;4056;NAVE0057;null;CLL;2025-08-30T05:00:00.000Z;2025-09-03T21:48:40.544Z;;;true;null;false;false;false;false;0
AE;1;null;null;;;20100010136;NAVE0058;2025-08-30T16:48:40.000Z;2025-09-01T16:48:56.000Z;1356;1522;false;false;false;false;1;12;1;;null;;;;;;I;;;;0;;false;null;ZS-88252-CM;null;ALBANIA;ibfnmkmtmcinnoclagmq;a91de518-810a-11f0-82ec-525400a18efc;null;null;null;2025-06-30T05:00:00.000Z;2025-06-25T21:48:56.935Z;;4055;NAVE0058;null;CLL;2025-08-30T05:00:00.000Z;2025-09-03T21:48:40.544Z;;;true;null;false;false;false;false;0
AE;1;null;null;;;20100010136;NAVE0059;2025-08-30T16:48:40.000Z;2025-09-01T16:48:56.000Z;1356;1522;false;false;false;false;1;12;1;;null;;;;;;I;;;;0;;false;null;CE-08775-PM;null;ALBANIA;mithdekngcfrdnlnokom;a8d199c2-810a-11f0-82ec-525400a18efc;null;null;null;2025-06-30T05:00:00.000Z;2025-06-25T21:48:56.935Z;;4054;NAVE0059;null;CLL;2025-08-30T05:00:00.000Z;2025-09-03T21:48:40.544Z;;;true;null;false;false;false;false;0
AE;1;null;null;;;20100010136;NAVE0060;2025-08-30T16:48:40.000Z;2025-09-01T16:48:56.000Z;1356;1522;false;false;false;false;1;12;1;;null;;;;;;I;;;;0;;false;null;CO-70100-CM;null;ALBANIA;icgisiirabocmfphibsb;a884b22c-810a-11f0-82ec-525400a18efc;null;null;null;2025-06-30T05:00:00.000Z;2025-06-25T21:48:56.935Z;;4053;NAVE0060;null;CLL;2025-08-30T05:00:00.000Z;2025-09-03T21:48:40.544Z;;;true;null;false;false;false;false;0
AE;1;null;null;;;20100010136;NAVE0061;2025-08-30T16:48:40.000Z;2025-09-01T16:48:56.000Z;1356;1522;false;false;false;false;1;12;1;;null;;;;;;I;;;;0;;false;null;SE-10876-AL;null;ALBANIA;smmetejakdrgtksjgppn;a8390316-810a-11f0-82ec-525400a18efc;null;null;null;2025-06-30T05:00:00.000Z;2025-06-25T21:48:56.935Z;;4052;NAVE0061;null;CLL;2025-08-30T05:00:00.000Z;2025-09-03T21:48:40.544Z;;;true;null;false;false;false;false;0
AE;1;null;null;;;20100010136;NAVE0062;2025-08-30T16:48:40.000Z;2025-09-01T16:48:56.000Z;1356;1522;false;false;false;false;1;12;1;;null;;;;;;I;;;;0;;false;null;TA-46483-DL;null;ALBANIA;qlgbnciiatheqegfecjg;a7eda220-810a-11f0-82ec-525400a18efc;null;null;null;2025-06-30T05:00:00.000Z;2025-06-25T21:48:56.935Z;;4051;NAVE0062;null;CLL;2025-08-30T05:00:00.000Z;2025-09-03T21:48:40.544Z;;;true;null;false;false;false;false;0
AE;1;null;null;;;20100010136;NAVE0063;2025-08-30T16:48:40.000Z;2025-09-01T16:48:56.000Z;1356;1522;false;false;false;false;1;12;1;;null;;;;;;I;;;;0;;false;null;CE-57357-EL;null;ALBANIA;dntsrbdironjabskdofq;a7a0455a-810a-11f0-82ec-525400a18efc;null;null;null;2025-06-30T05:00:00.000Z;2025-06-25T21:48:56.935Z;;4050;NAVE0063;null;CLL;2025-08-30T05:00:00.000Z;2025-09-03T21:48:40.544Z;;;true;null;false;false;false;false;0
AE;1;null;null;;;20100010136;NAVE0064;2025-08-30T16:48:40.000Z;2025-09-01T16:48:56.000Z;1356;1522;false;false;false;false;1;12;1;;null;;;;;;I;;;;0;;false;null;MO-22599-DF;null;ALBANIA;hsjafethacpeernpqlnp;a7549644-810a-11f0-82ec-525400a18efc;null;null;null;2025-06-30T05:00:00.000Z;2025-06-25T21:48:56.935Z;;4049;NAVE0064;null;CLL;2025-08-30T05:00:00.000Z;2025-09-03T21:48:40.544Z;;;true;null;false;false;false;false;0
AE;1;null;null;;;20100010136;NAVE0065;2025-08-30T16:48:40.000Z;2025-09-01T16:48:56.000Z;1356;1522;false;false;false;false;1;12;1;;null;;;;;;I;;;;0;;false;null;PM-27387-CM;null;ALBANIA;stmbjrnsfadebbfmehoh;a70e666e-810a-11f0-82ec-525400a18efc;null;null;null;2025-06-30T05:00:00.000Z;2025-06-25T21:48:56.935Z;;4048;NAVE0065;null;CLL;2025-08-30T05:00:00.000Z;2025-09-03T21:48:40.544Z;;;true;null;false;false;false;false;0
AE;1;null;null;;;20100010136;NAVE0066;2025-08-30T16:48:40.000Z;2025-09-01T16:48:56.000Z;1356;1522;false;false;false;false;1;12;1;;null;;;;;;I;;;;0;;false;null;TA-97515-EM;null;ALBANIA;kabgorffbjtipjscorcf;a6c32c2c-810a-11f0-82ec-525400a18efc;null;null;null;2025-06-30T05:00:00.000Z;2025-06-25T21:48:56.935Z;;4047;NAVE0066;null;CLL;2025-08-30T05:00:00.000Z;2025-09-03T21:48:40.544Z;;;true;null;false;false;false;false;0
AE;1;null;null;;;20100010136;NAVE0067;2025-08-30T16:48:40.000Z;2025-09-01T16:48:56.000Z;1356;1522;false;false;false;false;1;12;1;;null;;;;;;I;;;;0;;false;null;PM-64858-MF;null;ALBANIA;aqdlnaqpirtlrkicsqha;a6709f32-810a-11f0-82ec-525400a18efc;null;null;null;2025-06-30T05:00:00.000Z;2025-06-25T21:48:56.935Z;;4046;NAVE0067;null;CLL;2025-08-30T05:00:00.000Z;2025-09-03T21:48:40.544Z;;;true;null;false;false;false;false;0
AE;1;null;null;;;20100010136;NAVE0068;2025-08-30T16:48:40.000Z;2025-09-01T16:48:56.000Z;1356;1522;false;false;false;false;1;12;1;;null;;;;;;I;;;;0;;false;null;ZS-35311-DL;null;ALBANIA;dlntgldjokmtpdgjflmt;a62369c4-810a-11f0-82ec-525400a18efc;null;null;null;2025-06-30T05:00:00.000Z;2025-06-25T21:48:56.935Z;;4045;NAVE0068;null;CLL;2025-08-30T05:00:00.000Z;2025-09-03T21:48:40.544Z;;;true;null;false;false;false;false;0
AE;1;null;null;;;20100010136;NAVE0069;2025-08-30T16:48:40.000Z;2025-09-01T16:48:56.000Z;1356;1522;false;false;false;false;1;12;1;;null;;;;;;I;;;;0;;false;null;PU-10751-PM;null;ALBANIA;akqhmtisjiqtocskbfoc;a5d6f702-810a-11f0-82ec-525400a18efc;null;null;null;2025-06-30T05:00:00.000Z;2025-06-25T21:48:56.935Z;;4044;NAVE0069;null;CLL;2025-08-30T05:00:00.000Z;2025-09-03T21:48:40.544Z;;;true;null;false;false;false;false;0
AE;1;null;null;;;20100010136;NAVE0070;2025-08-30T16:48:40.000Z;2025-09-01T16:48:56.000Z;1356;1522;false;false;false;false;1;12;1;;null;;;;;;I;;;;0;;false;null;TA-78034-SM;null;ALBANIA;tpdggrmecdrbkkbtqnkq;a58be52c-810a-11f0-82ec-525400a18efc;null;null;null;2025-06-30T05:00:00.000Z;2025-06-25T21:48:56.935Z;;4043;NAVE0070;null;CLL;2025-08-30T05:00:00.000Z;2025-09-03T21:48:40.544Z;;;true;null;false;false;false;false;0
AE;1;null;null;;;20100010136;NAVE0071;2025-08-30T16:48:40.000Z;2025-09-01T16:48:56.000Z;1356;1522;false;false;false;false;1;12;1;;null;;;;;;I;;;;0;;false;null;MO-09348-MM;null;ALBANIA;dtppirtclccfkdojpkom;a54231e6-810a-11f0-82ec-525400a18efc;null;null;null;2025-06-30T05:00:00.000Z;2025-06-25T21:48:56.935Z;;4042;NAVE0071;null;CLL;2025-08-30T05:00:00.000Z;2025-09-03T21:48:40.544Z;;;true;null;false;false;false;false;0
AE;1;null;null;;;20100010136;NAVE0072;2025-08-30T16:48:40.000Z;2025-09-01T16:48:56.000Z;1356;1522;false;false;false;false;1;12;1;;null;;;;;;I;;;;0;;false;null;MO-40354-PM;null;ALBANIA;qeehsgenppolaarcloga;a4f34e80-810a-11f0-82ec-525400a18efc;null;null;null;2025-06-30T05:00:00.000Z;2025-06-25T21:48:56.935Z;;4041;NAVE0072;null;CLL;2025-08-30T05:00:00.000Z;2025-09-03T21:48:40.544Z;;;true;null;false;false;false;false;0
AE;1;null;null;;;20100010136;NAVE0073;2025-08-30T16:48:40.000Z;2025-09-01T16:48:56.000Z;1356;1522;false;false;false;false;1;12;1;;null;;;;;;I;;;;0;;false;null;ZS-00494-DL;null;ALBANIA;hmemrspmmlnhecfrhiim;a4a5caaa-810a-11f0-82ec-525400a18efc;null;null;null;2025-06-30T05:00:00.000Z;2025-06-25T21:48:56.935Z;;4040;NAVE0073;null;CLL;2025-08-30T05:00:00.000Z;2025-09-03T21:48:40.544Z;;;true;null;false;false;false;false;0
AE;1;null;null;;;20100010136;NAVE0074;2025-08-30T16:48:40.000Z;2025-09-01T16:48:56.000Z;1356;1522;false;false;false;false;1;12;1;;null;;;;;;I;;;;0;;false;null;ZS-25776-MM;null;ALBANIA;ehkntndbakkitmtdohdd;a45d01c4-810a-11f0-82ec-525400a18efc;null;null;null;2025-06-30T05:00:00.000Z;2025-06-25T21:48:56.935Z;;4039;NAVE0074;null;CLL;2025-08-30T05:00:00.000Z;2025-09-03T21:48:40.544Z;;;true;null;false;false;false;false;0
AE;1;null;null;;;20100010136;NAVE0075;2025-08-30T16:48:40.000Z;2025-09-01T16:48:56.000Z;1356;1522;false;false;false;false;1;12;1;;null;;;;;;I;;;;0;;false;null;MO-74753-EL;null;ALBANIA;smgitbtpkqndqimkeiks;a40f2fce-810a-11f0-82ec-525400a18efc;null;null;null;2025-06-30T05:00:00.000Z;2025-06-25T21:48:56.935Z;;4038;NAVE0075;null;CLL;2025-08-30T05:00:00.000Z;2025-09-03T21:48:40.544Z;;;true;null;false;false;false;false;0
AE;1;null;null;;;20100010136;NAVE0076;2025-08-30T16:48:40.000Z;2025-09-01T16:48:56.000Z;1356;1522;false;false;false;false;1;12;1;;null;;;;;;I;;;;0;;false;null;PM-33717-EM;null;ALBANIA;jookqttjghnmrrdobfdp;a3c184e8-810a-11f0-82ec-525400a18efc;null;null;null;2025-06-30T05:00:00.000Z;2025-06-25T21:48:56.935Z;;4037;NAVE0076;null;CLL;2025-08-30T05:00:00.000Z;2025-09-03T21:48:40.544Z;;;true;null;false;false;false;false;0
AE;1;null;null;;;20100010136;NAVE0077;2025-08-30T16:48:40.000Z;2025-09-01T16:48:56.000Z;1356;1522;false;false;false;false;1;12;1;;null;;;;;;I;;;;0;;false;null;CE-01161-MF;null;ALBANIA;tssdhhtqgpopbflmtkgq;a3751282-810a-11f0-82ec-525400a18efc;null;null;null;2025-06-30T05:00:00.000Z;2025-06-25T21:48:56.935Z;;4036;NAVE0077;null;CLL;2025-08-30T05:00:00.000Z;2025-09-03T21:48:40.544Z;;;true;null;false;false;false;false;0
AE;1;null;null;;;20100010136;NAVE0078;2025-08-30T16:48:40.000Z;2025-09-01T16:48:56.000Z;1356;1522;false;false;false;false;1;12;1;;null;;;;;;I;;;;0;;false;null;IQ-65623-BF;null;ALBANIA;grghilnrhepqedpqiicj;a329b18c-810a-11f0-82ec-525400a18efc;null;null;null;2025-06-30T05:00:00.000Z;2025-06-25T21:48:56.935Z;;4035;NAVE0078;null;CLL;2025-08-30T05:00:00.000Z;2025-09-03T21:48:40.544Z;;;true;null;false;false;false;false;0
AE;1;null;null;;;20100010136;NAVE0079;2025-08-30T16:48:40.000Z;2025-09-01T16:48:56.000Z;1356;1522;false;false;false;false;1;12;1;;null;;;;;;I;;;;0;;false;null;PA-65143-AL;null;ALBANIA;ebaksflmbdtrkrdkknhr;a2dc54c6-810a-11f0-82ec-525400a18efc;null;null;null;2025-06-30T05:00:00.000Z;2025-06-25T21:48:56.935Z;;4034;NAVE0079;null;CLL;2025-08-30T05:00:00.000Z;2025-09-03T21:48:40.544Z;;;true;null;false;false;false;false;0
AE;1;null;null;;;20100010136;NAVE0080;2025-08-30T16:48:40.000Z;2025-09-01T16:48:56.000Z;1356;1522;false;false;false;false;1;12;1;;null;;;;;;I;;;;0;;false;null;CE-57620-PM;null;ALBANIA;qcmqrmcrggohdetlqshp;a2911ae0-810a-11f0-82ec-525400a18efc;null;null;null;2025-06-30T05:00:00.000Z;2025-06-25T21:48:56.935Z;;4033;NAVE0080;null;CLL;2025-08-30T05:00:00.000Z;2025-09-03T21:48:40.544Z;;;true;null;false;false;false;false;0
AE;1;null;null;;;20100010136;NAVE0081;2025-08-30T16:48:40.000Z;2025-09-01T16:48:56.000Z;1356;1522;false;false;false;false;1;12;1;;null;;;;;;I;;;;0;;false;null;PS-37629-DF;null;ALBANIA;fqknhtliimagtshldpmq;a244cfa4-810a-11f0-82ec-525400a18efc;null;null;null;2025-06-30T05:00:00.000Z;2025-06-25T21:48:56.935Z;;4032;NAVE0081;null;CLL;2025-08-30T05:00:00.000Z;2025-09-03T21:48:40.544Z;;;true;null;false;false;false;false;0
AE;1;null;null;;;20100010136;NAVE0082;2025-08-30T16:48:40.000Z;2025-09-01T16:48:56.000Z;1356;1522;false;false;false;false;1;12;1;;null;;;;;;I;;;;0;;false;null;CO-52580-CM;null;ALBANIA;fccqfkminficnaakdtcj;a1faf568-810a-11f0-82ec-525400a18efc;null;null;null;2025-06-30T05:00:00.000Z;2025-06-25T21:48:56.935Z;;4031;NAVE0082;null;CLL;2025-08-30T05:00:00.000Z;2025-09-03T21:48:40.544Z;;;true;null;false;false;false;false;0
AE;1;null;null;;;20100010136;NAVE0083;2025-08-30T16:48:40.000Z;2025-09-01T16:48:56.000Z;1356;1522;false;false;false;false;1;12;1;;null;;;;;;I;;;;0;;false;null;TA-88160-EL;null;ALBANIA;encnlfhfagennhrfpqfq;a1ae834a-810a-11f0-82ec-525400a18efc;null;null;null;2025-06-30T05:00:00.000Z;2025-06-25T21:48:56.935Z;;4030;NAVE0083;null;CLL;2025-08-30T05:00:00.000Z;2025-09-03T21:48:40.544Z;;;true;null;false;false;false;false;0
AE;1;null;null;;;20100010136;NAVE0084;2025-08-30T16:48:40.000Z;2025-09-01T16:48:56.000Z;1356;1522;false;false;false;false;1;12;1;;null;;;;;;I;;;;0;;false;null;ZS-27381-SM;null;ALBANIA;hrkhjmdpglsfhrbtmsob;a15e6764-810a-11f0-82ec-525400a18efc;null;null;null;2025-06-30T05:00:00.000Z;2025-06-25T21:48:56.935Z;;4029;NAVE0084;null;CLL;2025-08-30T05:00:00.000Z;2025-09-03T21:48:40.544Z;;;true;null;false;false;false;false;0
AE;1;null;null;;;20100010136;NAVE0085;2025-08-30T16:48:40.000Z;2025-09-01T16:48:56.000Z;1356;1522;false;false;false;false;1;12;1;;null;;;;;;I;;;;0;;false;null;PL-12434-EM;null;ALBANIA;roljaijoachhetbmkcod;a116afee-810a-11f0-82ec-525400a18efc;null;null;null;2025-06-30T05:00:00.000Z;2025-06-25T21:48:56.935Z;;4028;NAVE0085;null;CLL;2025-08-30T05:00:00.000Z;2025-09-03T21:48:40.544Z;;;true;null;false;false;false;false;0
AE;1;null;null;;;20100010136;NAVE0086;2025-08-30T16:48:40.000Z;2025-09-01T16:48:56.000Z;1356;1522;false;false;false;false;1;12;1;;null;;;;;;I;;;;0;;false;null;IQ-51571-DM;null;ALBANIA;csheoheaeqcgpilddcda;a0c92c18-810a-11f0-82ec-525400a18efc;null;null;null;2025-06-30T05:00:00.000Z;2025-06-25T21:48:56.935Z;;4027;NAVE0086;null;CLL;2025-08-30T05:00:00.000Z;2025-09-03T21:48:40.544Z;;;true;null;false;false;false;false;0
AE;1;null;null;;;20100010136;NAVE0087;2025-08-30T16:48:40.000Z;2025-09-01T16:48:56.000Z;1356;1522;false;false;false;false;1;12;1;;null;;;;;;I;;;;0;;false;null;YU-43914-DF;null;ALBANIA;bmlcrmbderhqhlttjhnb;a07a6fc2-810a-11f0-82ec-525400a18efc;null;null;null;2025-06-30T05:00:00.000Z;2025-06-25T21:48:56.935Z;;4026;NAVE0087;null;CLL;2025-08-30T05:00:00.000Z;2025-09-03T21:48:40.544Z;;;true;null;false;false;false;false;0
AE;1;null;null;;;20100010136;NAVE0088;2025-08-30T16:48:40.000Z;2025-09-01T16:48:56.000Z;1356;1522;false;false;false;false;1;12;1;;null;;;;;;I;;;;0;;false;null;CE-86436-EF;null;ALBANIA;nbarlqoegprpomcfpqms;a02d621c-810a-11f0-82ec-525400a18efc;null;null;null;2025-06-30T05:00:00.000Z;2025-06-25T21:48:56.935Z;;4025;NAVE0088;null;CLL;2025-08-30T05:00:00.000Z;2025-09-03T21:48:40.544Z;;;true;null;false;false;false;false;0
AE;1;null;null;;;20100010136;NAVE0089;2025-08-30T16:48:40.000Z;2025-09-01T16:48:56.000Z;1356;1522;false;false;false;false;1;12;1;;null;;;;;;I;;;;0;;false;null;IO-72729-BL;null;ALBANIA;asbimhcsmmgkonljtrso;9fe0efb6-810a-11f0-82ec-525400a18efc;null;null;null;2025-06-30T05:00:00.000Z;2025-06-25T21:48:56.935Z;;4024;NAVE0089;null;CLL;2025-08-30T05:00:00.000Z;2025-09-03T21:48:40.544Z;;;true;null;false;false;false;false;0
AE;1;null;null;;;20100010136;NAVE0090;2025-08-30T16:48:40.000Z;2025-09-01T16:48:56.000Z;1356;1522;false;false;false;false;1;12;1;;null;;;;;;I;;;;0;;false;null;IQ-42797-CM;null;ALBANIA;kspfpgtbptoechinmgal;9f9f79d0-810a-11f0-82ec-525400a18efc;null;null;null;2025-06-30T05:00:00.000Z;2025-06-25T21:48:56.935Z;;4023;NAVE0090;null;CLL;2025-08-30T05:00:00.000Z;2025-09-03T21:48:40.544Z;;;true;null;false;false;false;false;0
AE;1;null;null;;;20100010136;NAVE0091;2025-08-30T16:48:40.000Z;2025-09-01T16:48:56.000Z;1356;1522;false;false;false;false;1;12;1;;null;;;;;;I;;;;0;;false;null;HO-89715-EF;null;ALBANIA;rhlrtsncmhohhgaoqaih;9f48a72a-810a-11f0-82ec-525400a18efc;null;null;null;2025-06-30T05:00:00.000Z;2025-06-25T21:48:56.935Z;;4022;NAVE0091;null;CLL;2025-08-30T05:00:00.000Z;2025-09-03T21:48:40.544Z;;;true;null;false;false;false;false;0
AE;1;null;null;;;20100010136;NAVE0092;2025-08-30T16:48:40.000Z;2025-09-01T16:48:56.000Z;1356;1522;false;false;false;false;1;12;1;;null;;;;;;I;;;;0;;false;null;CE-20224-AM;null;ALBANIA;riedkmopgqdetjfeblka;9eff9024-810a-11f0-82ec-525400a18efc;null;null;null;2025-06-30T05:00:00.000Z;2025-06-25T21:48:56.935Z;;4021;NAVE0092;null;CLL;2025-08-30T05:00:00.000Z;2025-09-03T21:48:40.544Z;;;true;null;false;false;false;false;0
AE;1;null;null;;;20100010136;NAVE0093;2025-08-30T16:48:40.000Z;2025-09-01T16:48:56.000Z;1356;1522;false;false;false;false;1;12;1;;null;;;;;;I;;;;0;;false;null;PL-46095-DF;null;ALBANIA;mafbjfooinilentjjqde;9eb2335e-810a-11f0-82ec-525400a18efc;null;null;null;2025-06-30T05:00:00.000Z;2025-06-25T21:48:56.935Z;;4020;NAVE0093;null;CLL;2025-08-30T05:00:00.000Z;2025-09-03T21:48:40.544Z;;;true;null;false;false;false;false;0
AE;1;null;null;;;20100010136;NAVE0094;2025-08-30T16:48:40.000Z;2025-09-01T16:48:56.000Z;1356;1522;false;false;false;false;1;12;1;;null;;;;;;I;;;;0;;false;null;HO-07989-CM;null;ALBANIA;idpcmmjkkmmddsgikdga;9e64613a-810a-11f0-82ec-525400a18efc;null;null;null;2025-06-30T05:00:00.000Z;2025-06-25T21:48:56.935Z;;4019;NAVE0094;null;CLL;2025-08-30T05:00:00.000Z;2025-09-03T21:48:40.544Z;;;true;null;false;false;false;false;0
AE;1;null;null;;;20100010136;NAVE0095;2025-08-30T16:48:40.000Z;2025-09-01T16:48:56.000Z;1356;1522;false;false;false;false;1;12;1;;null;;;;;;I;;;;0;;false;null;PS-31304-CM;null;ALBANIA;epfakrknkmhkbndssfim;9e17048e-810a-11f0-82ec-525400a18efc;null;null;null;2025-06-30T05:00:00.000Z;2025-06-25T21:48:56.935Z;;4018;NAVE0095;null;CLL;2025-08-30T05:00:00.000Z;2025-09-03T21:48:40.544Z;;;true;null;false;false;false;false;0
AE;1;null;null;;;20100010136;NAVE0096;2025-08-30T16:48:40.000Z;2025-09-01T16:48:56.000Z;1356;1522;false;false;false;false;1;12;1;;null;;;;;;I;;;;0;;false;null;CY-52252-AL;null;ALBANIA;crfqijqsskgrkkkqjhdj;9dcc6702-810a-11f0-82ec-525400a18efc;null;null;null;2025-06-30T05:00:00.000Z;2025-06-25T21:48:56.935Z;;4017;NAVE0096;null;CLL;2025-08-30T05:00:00.000Z;2025-09-03T21:48:40.544Z;;;true;null;false;false;false;false;0
AE;1;null;null;;;20100010136;NAVE0097;2025-08-30T16:48:40.000Z;2025-09-01T16:48:56.000Z;1356;1522;false;false;false;false;1;12;1;;null;;;;;;I;;;;0;;false;null;CE-94778-DM;null;ALBANIA;kcflacjqgojdtkmgmdja;9d8154a2-810a-11f0-82ec-525400a18efc;null;null;null;2025-06-30T05:00:00.000Z;2025-06-25T21:48:56.935Z;;4016;NAVE0097;null;CLL;2025-08-30T05:00:00.000Z;2025-09-03T21:48:40.544Z;;;true;null;false;false;false;false;0
AE;1;null;null;;;20100010136;NAVE0098;2025-08-30T16:48:40.000Z;2025-09-01T16:48:56.000Z;1356;1522;false;false;false;false;1;12;1;;null;;;;;;I;;;;0;;false;null;SN-71179-AL;null;ALBANIA;gopgfmegnkthgdfhdter;9d32984c-810a-11f0-82ec-525400a18efc;null;null;null;2025-06-30T05:00:00.000Z;2025-06-25T21:48:56.935Z;;4015;NAVE0098;null;CLL;2025-08-30T05:00:00.000Z;2025-09-03T21:48:40.544Z;;;true;null;false;false;false;false;0
AE;1;null;null;;;20100010136;NAVE0099;2025-08-30T16:48:40.000Z;2025-09-01T16:48:56.000Z;1356;1522;false;false;false;false;1;12;1;;null;;;;;;I;;;;0;;false;null;PL-82875-MF;null;ALBANIA;iklcdsfdecqrjfobrdgc;9ce86fd6-810a-11f0-82ec-525400a18efc;null;null;null;2025-06-30T05:00:00.000Z;2025-06-25T21:48:56.935Z;;4014;NAVE0099;null;CLL;2025-08-30T05:00:00.000Z;2025-09-03T21:48:40.544Z;;;true;null;false;false;false;false;0
AE;1;null;null;;;20100010136;NAVE0100;2025-08-30T16:48:40.000Z;2025-09-01T16:48:56.000Z;1356;1522;false;false;false;false;1;12;1;;null;;;;;;I;;;;0;;false;null;PU-93758-EM;null;ALBANIA;hntanmnnjnbaqkbpofeg;9c9b3a20-810a-11f0-82ec-525400a18efc;null;null;null;2025-06-30T05:00:00.000Z;2025-06-25T21:48:56.935Z;;4013;NAVE0100;null;CLL;2025-08-30T05:00:00.000Z;2025-09-03T21:48:40.544Z;;;true;null;false;false;false;false;0
AE;1;null;null;;;20100010136;NAVE0101;2025-08-30T16:48:40.000Z;2025-09-01T16:48:56.000Z;1356;1522;false;false;false;false;1;12;1;;null;;;;;;I;;;;0;;false;null;SE-98357-BF;null;ALBANIA;heccrcqdothehlmngbci;9c4f63fa-810a-11f0-82ec-525400a18efc;null;null;null;2025-06-30T05:00:00.000Z;2025-06-25T21:48:56.935Z;;4012;NAVE0101;null;CLL;2025-08-30T05:00:00.000Z;2025-09-03T21:48:40.544Z;;;true;null;false;false;false;false;0
AE;1;null;null;;;20100010136;NAVE0102;2025-08-30T16:48:40.000Z;2025-09-01T16:48:56.000Z;1356;1522;false;false;false;false;1;12;1;;null;;;;;;I;;;;0;;false;null;SY-53559-DM;null;ALBANIA;ilqljdkbigmdormkedfj;9c027c64-810a-11f0-82ec-525400a18efc;null;null;null;2025-06-30T05:00:00.000Z;2025-06-25T21:48:56.935Z;;4011;NAVE0102;null;CLL;2025-08-30T05:00:00.000Z;2025-09-03T21:48:40.544Z;;;true;null;false;false;false;false;0
AE;1;null;null;;;20100010136;NAVE0103;2025-08-30T16:48:40.000Z;2025-09-01T16:48:56.000Z;1356;1522;false;false;false;false;1;12;1;;null;;;;;;I;;;;0;;false;null;HO-56091-AF;null;ALBANIA;jjhftpmfeqkeammlfrne;9bb4d17e-810a-11f0-82ec-525400a18efc;null;null;null;2025-06-30T05:00:00.000Z;2025-06-25T21:48:56.935Z;;4010;NAVE0103;null;CLL;2025-08-30T05:00:00.000Z;2025-09-03T21:48:40.544Z;;;true;null;false;false;false;false;0
AE;1;null;null;;;20100010136;NAVE0104;2025-08-30T16:48:40.000Z;2025-09-01T16:48:56.000Z;1356;1522;false;false;false;false;1;12;1;;null;;;;;;I;;;;0;;false;null;HO-97005-CM;null;ALBANIA;qidkhithjlnhtlhfirdh;9b692268-810a-11f0-82ec-525400a18efc;null;null;null;2025-06-30T05:00:00.000Z;2025-06-25T21:48:56.935Z;;4009;NAVE0104;null;CLL;2025-08-30T05:00:00.000Z;2025-09-03T21:48:40.544Z;;;true;null;false;false;false;false;0
AE;1;null;null;;;20100010136;NAVE0105;2025-08-30T16:48:40.000Z;2025-09-01T16:48:56.000Z;1356;1522;false;false;false;false;1;12;1;;null;;;;;;I;;;;0;;false;null;CY-97423-MM;null;ALBANIA;iombipnshajmnlnmsmqg;9b1cb102-810a-11f0-82ec-525400a18efc;null;null;null;2025-06-30T05:00:00.000Z;2025-06-25T21:48:56.935Z;;4008;NAVE0105;null;CLL;2025-08-30T05:00:00.000Z;2025-09-03T21:48:40.544Z;;;true;null;false;false;false;false;0
AE;1;null;null;;;20100010136;NAVE0106;2025-08-30T16:48:40.000Z;2025-09-01T16:48:56.000Z;1356;1522;false;false;false;false;1;12;1;;null;;;;;;I;;;;0;;false;null;MO-53839-CM;null;ALBANIA;kbaffkhmonjciqidcdcs;9ad1771c-810a-11f0-82ec-525400a18efc;null;null;null;2025-06-30T05:00:00.000Z;2025-06-25T21:48:56.935Z;;4007;NAVE0106;null;CLL;2025-08-30T05:00:00.000Z;2025-09-03T21:48:40.544Z;;;true;null;false;false;false;false;0
AE;1;null;null;;;20100010136;NAVE0107;2025-08-30T16:48:40.000Z;2025-09-01T16:48:56.000Z;1356;1522;false;false;false;false;1;12;1;;null;;;;;;I;;;;0;;false;null;IQ-63389-BM;null;ALBANIA;ahkiciaogpbaqmgmdlrd;9a866446-810a-11f0-82ec-525400a18efc;null;null;null;2025-06-30T05:00:00.000Z;2025-06-25T21:48:56.935Z;;4006;NAVE0107;null;CLL;2025-08-30T05:00:00.000Z;2025-09-03T21:48:40.544Z;;;true;null;false;false;false;false;0
AE;1;null;null;;;20100010136;NAVE0108;2025-08-30T16:48:40.000Z;2025-09-01T16:48:56.000Z;1356;1522;false;false;false;false;1;12;1;;null;;;;;;I;;;;0;;false;null;CY-59863-CM;null;ALBANIA;foejjthhoiealeiraard;9a3e8564-810a-11f0-82ec-525400a18efc;null;null;null;2025-06-30T05:00:00.000Z;2025-06-25T21:48:56.935Z;;4005;NAVE0108;null;CLL;2025-08-30T05:00:00.000Z;2025-09-03T21:48:40.544Z;;;true;null;false;false;false;false;0
AE;1;null;null;;;20100010136;NAVE0109;2025-08-30T16:48:40.000Z;2025-09-01T16:48:56.000Z;1356;1522;false;false;false;false;1;12;1;;null;;;;;;I;;;;0;;false;null;SN-39041-CM;null;ALBANIA;jbcreebmhhrtgongshao;99ece2ca-810a-11f0-82ec-525400a18efc;null;null;null;2025-06-30T05:00:00.000Z;2025-06-25T21:48:56.935Z;;4004;NAVE0109;null;CLL;2025-08-30T05:00:00.000Z;2025-09-03T21:48:40.544Z;;;true;null;false;false;false;false;0
AE;1;null;null;;;20100010136;NAVE0110;2025-08-30T16:48:40.000Z;2025-09-01T16:48:56.000Z;1356;1522;false;false;false;false;1;12;1;;null;;;;;;I;;;;0;;false;null;CY-51292-AM;null;ALBANIA;ebgncdrtnttltajldgsm;99a3f2ee-810a-11f0-82ec-525400a18efc;null;null;null;2025-06-30T05:00:00.000Z;2025-06-25T21:48:56.935Z;;4003;NAVE0110;null;CLL;2025-08-30T05:00:00.000Z;2025-09-03T21:48:40.544Z;;;true;null;false;false;false;false;0
AE;1;null;null;;;20100010136;NAVE0111;2025-08-30T16:48:40.000Z;2025-09-01T16:48:56.000Z;1356;1522;false;false;false;false;1;12;1;;null;;;;;;I;;;;0;;false;null;PL-68254-MF;null;ALBANIA;mkammtffbthfigojgaai;99581d9a-810a-11f0-82ec-525400a18efc;null;null;null;2025-06-30T05:00:00.000Z;2025-06-25T21:48:56.935Z;;4002;NAVE0111;null;CLL;2025-08-30T05:00:00.000Z;2025-09-03T21:48:40.544Z;;;true;null;false;false;false;false;0
AE;1;null;null;;;20100010136;NAVE0112;2025-08-30T16:48:40.000Z;2025-09-01T16:48:56.000Z;1356;1522;false;false;false;false;1;12;1;;null;;;;;;I;;;;0;;false;null;PT-17253-BM;null;ALBANIA;sbphqardmrrbfloedken;990605e4-810a-11f0-82ec-525400a18efc;null;null;null;2025-06-30T05:00:00.000Z;2025-06-25T21:48:56.935Z;;4001;NAVE0112;null;CLL;2025-08-30T05:00:00.000Z;2025-09-03T21:48:40.544Z;;;true;null;false;false;false;false;0
AE;1;null;null;;;20100010136;NAVE0113;2025-08-30T16:48:40.000Z;2025-09-01T16:48:56.000Z;1356;1522;false;false;false;false;1;12;1;;null;;;;;;I;;;;0;;false;null;CY-85829-EL;null;ALBANIA;nlpeqhqsnrohgdqrkbep;98bdd93e-810a-11f0-82ec-525400a18efc;null;null;null;2025-06-30T05:00:00.000Z;2025-06-25T21:48:56.935Z;;4000;NAVE0113;null;CLL;2025-08-30T05:00:00.000Z;2025-09-03T21:48:40.544Z;;;true;null;false;false;false;false;0
AE;1;null;null;;;20100010136;NAVE0114;2025-08-30T16:48:40.000Z;2025-09-01T16:48:56.000Z;1356;1522;false;false;false;false;1;12;1;;null;;;;;;I;;;;0;;false;null;PA-39924-EM;null;ALBANIA;ektnbkoedgtdbcngnioc;986dbd58-810a-11f0-82ec-525400a18efc;null;null;null;2025-06-30T05:00:00.000Z;2025-06-25T21:48:56.935Z;;3999;NAVE0114;null;CLL;2025-08-30T05:00:00.000Z;2025-09-03T21:48:40.544Z;;;true;null;false;false;false;false;0
AE;1;null;null;;;20100010136;NAVE0115;2025-08-30T16:48:40.000Z;2025-09-01T16:48:56.000Z;1356;1522;false;false;false;false;1;12;1;;null;;;;;;I;;;;0;;false;null;SN-72099-DM;null;ALBANIA;qrhfrpfeoabkhfbbdlhh;98223552-810a-11f0-82ec-525400a18efc;null;null;null;2025-06-30T05:00:00.000Z;2025-06-25T21:48:56.935Z;;3998;NAVE0115;null;CLL;2025-08-30T05:00:00.000Z;2025-09-03T21:48:40.544Z;;;true;null;false;false;false;false;0
AE;1;null;null;;;20100010136;NAVE0116;2025-08-30T16:48:40.000Z;2025-09-01T16:48:56.000Z;1356;1522;false;false;false;false;1;12;1;;null;;;;;;I;;;;0;;false;null;IQ-26845-ML;null;ALBANIA;crsanofnpailrqiictcs;97d6381c-810a-11f0-82ec-525400a18efc;null;null;null;2025-06-30T05:00:00.000Z;2025-06-25T21:48:56.935Z;;3997;NAVE0116;null;CLL;2025-08-30T05:00:00.000Z;2025-09-03T21:48:40.544Z;;;true;null;false;false;false;false;0
AE;1;null;null;;;20100010136;NAVE0117;2025-08-30T16:48:40.000Z;2025-09-01T16:48:56.000Z;1356;1522;false;false;false;false;1;12;1;;null;;;;;;I;;;;0;;false;null;SN-90584-SM;null;ALBANIA;oqeicsdanbrktedffmnp;978c36b6-810a-11f0-82ec-525400a18efc;null;null;null;2025-06-30T05:00:00.000Z;2025-06-25T21:48:56.935Z;;3996;NAVE0117;null;CLL;2025-08-30T05:00:00.000Z;2025-09-03T21:48:40.544Z;;;true;null;false;false;false;false;0
AE;1;null;null;;;20100010136;NAVE0118;2025-08-30T16:48:40.000Z;2025-09-01T16:48:56.000Z;1356;1522;false;false;false;false;1;12;1;;null;;;;;;I;;;;0;;false;null;SN-29419-SM;null;ALBANIA;ctkimifqqltdqktfaeql;973e64c0-810a-11f0-82ec-525400a18efc;null;null;null;2025-06-30T05:00:00.000Z;2025-06-25T21:48:56.935Z;;3995;NAVE0118;null;CLL;2025-08-30T05:00:00.000Z;2025-09-03T21:48:40.544Z;;;true;null;false;false;false;false;0
AE;1;null;null;;;20100010136;NAVE0119;2025-08-30T16:48:40.000Z;2025-09-01T16:48:56.000Z;1356;1522;false;false;false;false;1;12;1;;null;;;;;;I;;;;0;;false;null;PT-15752-BF;null;ALBANIA;nmrtnroqhbgqijfrgdbn;96f044aa-810a-11f0-82ec-525400a18efc;null;null;null;2025-06-30T05:00:00.000Z;2025-06-25T21:48:56.935Z;;3994;NAVE0119;null;CLL;2025-08-30T05:00:00.000Z;2025-09-03T21:48:40.544Z;;;true;null;false;false;false;false;0
AE;1;null;null;;;20100010136;NAVE0120;2025-08-30T16:48:40.000Z;2025-09-01T16:48:56.000Z;1356;1522;false;false;false;false;1;12;1;;null;;;;;;I;;;;0;;false;null;ZS-82613-AF;null;ALBANIA;retcpasarajafaecqdgb;96aab014-810a-11f0-82ec-525400a18efc;null;null;null;2025-06-30T05:00:00.000Z;2025-06-25T21:48:56.935Z;;3993;NAVE0120;null;CLL;2025-08-30T05:00:00.000Z;2025-09-03T21:48:40.544Z;;;true;null;false;false;false;false;0
AE;1;null;null;;;20100010136;NAVE0121;2025-08-30T16:48:40.000Z;2025-09-01T16:48:56.000Z;1356;1522;false;false;false;false;1;12;1;;null;;;;;;I;;;;0;;false;null;CO-63511-PM;null;ALBANIA;srfmjpnjpreajibgfqaj;965d7a5e-810a-11f0-82ec-525400a18efc;null;null;null;2025-06-30T05:00:00.000Z;2025-06-25T21:48:56.935Z;;3992;NAVE0121;null;CLL;2025-08-30T05:00:00.000Z;2025-09-03T21:48:40.544Z;;;true;null;false;false;false;false;0
AE;1;null;null;;;20100010136;NAVE0122;2025-08-30T16:48:40.000Z;2025-09-01T16:48:56.000Z;1356;1522;false;false;false;false;1;12;1;;null;;;;;;I;;;;0;;false;null;CO-47638-BM;null;ALBANIA;sstrgdrjsgsmqknobtpt;960fcfc0-810a-11f0-82ec-525400a18efc;null;null;null;2025-06-30T05:00:00.000Z;2025-06-25T21:48:56.935Z;;3991;NAVE0122;null;CLL;2025-08-30T05:00:00.000Z;2025-09-03T21:48:40.544Z;;;true;null;false;false;false;false;0
AE;1;null;null;;;20100010136;NAVE0123;2025-08-30T16:48:40.000Z;2025-09-01T16:48:56.000Z;1356;1522;false;false;false;false;1;12;1;;null;;;;;;I;;;;0;;false;null;PT-48291-EM;null;ALBANIA;npkpetrbbolfqthlceao;95c29a52-810a-11f0-82ec-525400a18efc;null;null;null;2025-06-30T05:00:00.000Z;2025-06-25T21:48:56.935Z;;3990;NAVE0123;null;CLL;2025-08-30T05:00:00.000Z;2025-09-03T21:48:40.544Z;;;true;null;false;false;false;false;0
AE;1;null;null;;;20100010136;NAVE0124;2025-08-30T16:48:40.000Z;2025-09-01T16:48:56.000Z;1356;1522;false;false;false;false;1;12;1;;null;;;;;;I;;;;0;;false;null;CY-84488-EL;null;ALBANIA;oqrrieemhnbncgpitmnt;95740554-810a-11f0-82ec-525400a18efc;null;null;null;2025-06-30T05:00:00.000Z;2025-06-25T21:48:56.935Z;;3989;NAVE0124;null;CLL;2025-08-30T05:00:00.000Z;2025-09-03T21:48:40.544Z;;;true;null;false;false;false;false;0
AE;1;null;null;;;20100010136;NAVE0125;2025-08-30T16:48:40.000Z;2025-09-01T16:48:56.000Z;1356;1522;false;false;false;false;1;12;1;;null;;;;;;I;;;;0;;false;null;CE-27802-AM;null;ALBANIA;chjtiisrrqfphimlgcoj;952ac73e-810a-11f0-82ec-525400a18efc;null;null;null;2025-06-30T05:00:00.000Z;2025-06-25T21:48:56.935Z;;3988;NAVE0125;null;CLL;2025-08-30T05:00:00.000Z;2025-09-03T21:48:40.544Z;;;true;null;false;false;false;false;0
AE;1;null;null;;;20100010136;NAVE0126;2025-08-30T16:48:40.000Z;2025-09-01T16:48:56.000Z;1356;1522;false;false;false;false;1;12;1;;null;;;;;;I;;;;0;;false;null;MO-39650-ML;null;ALBANIA;ooonaiifcegtecpjtqom;94dc8018-810a-11f0-82ec-525400a18efc;null;null;null;2025-06-30T05:00:00.000Z;2025-06-25T21:48:56.935Z;;3987;NAVE0126;null;CLL;2025-08-30T05:00:00.000Z;2025-09-03T21:48:40.544Z;;;true;null;false;false;false;false;0
AE;1;null;null;;;20100010136;NAVE0127;2025-08-30T16:48:40.000Z;2025-09-01T16:48:56.000Z;1356;1522;false;false;false;false;1;12;1;;null;;;;;;I;;;;0;;false;null;CO-07125-BF;null;ALBANIA;ddbqqdbtkkdfigbtbrip;94916d42-810a-11f0-82ec-525400a18efc;null;null;null;2025-06-30T05:00:00.000Z;2025-06-25T21:48:56.935Z;;3986;NAVE0127;null;CLL;2025-08-30T05:00:00.000Z;2025-09-03T21:48:40.544Z;;;true;null;false;false;false;false;0
AE;1;null;null;;;20100010136;NAVE0128;2025-08-30T16:48:40.000Z;2025-09-01T16:48:56.000Z;1356;1522;false;false;false;false;1;12;1;;null;;;;;;I;;;;0;;false;null;PT-11583-DF;null;ALBANIA;cedamqjhfqtnsbirndjo;9446817c-810a-11f0-82ec-525400a18efc;null;null;null;2025-06-30T05:00:00.000Z;2025-06-25T21:48:56.935Z;;3985;NAVE0128;null;CLL;2025-08-30T05:00:00.000Z;2025-09-03T21:48:40.544Z;;;true;null;false;false;false;false;0
AE;1;null;null;;;20100010136;NAVE0129;2025-08-30T16:48:40.000Z;2025-09-01T16:48:56.000Z;1356;1522;false;false;false;false;1;12;1;;null;;;;;;I;;;;0;;false;null;YU-11237-MF;null;ALBANIA;eobjetmqdfhrhshgksag;93f924b6-810a-11f0-82ec-525400a18efc;null;null;null;2025-06-30T05:00:00.000Z;2025-06-25T21:48:56.935Z;;3984;NAVE0129;null;CLL;2025-08-30T05:00:00.000Z;2025-09-03T21:48:40.544Z;;;true;null;false;false;false;false;0
AE;1;null;null;;;20100010136;NAVE0130;2025-08-30T16:48:40.000Z;2025-09-01T16:48:56.000Z;1356;1522;false;false;false;false;1;12;1;;null;;;;;;I;;;;0;;false;null;CE-12034-AM;null;ALBANIA;klnkjpqjjghtfrfirfkg;93ab04a0-810a-11f0-82ec-525400a18efc;null;null;null;2025-06-30T05:00:00.000Z;2025-06-25T21:48:56.935Z;;3983;NAVE0130;null;CLL;2025-08-30T05:00:00.000Z;2025-09-03T21:48:40.544Z;;;true;null;false;false;false;false;0
AE;1;null;null;;;20100010136;NAVE0131;2025-08-30T16:48:40.000Z;2025-09-01T16:48:56.000Z;1356;1522;false;false;false;false;1;12;1;;null;;;;;;I;;;;0;;false;null;ZS-46074-AM;null;ALBANIA;hmtfblagirmeijtcqhrd;935da7da-810a-11f0-82ec-525400a18efc;null;null;null;2025-06-30T05:00:00.000Z;2025-06-25T21:48:56.935Z;;3982;NAVE0131;null;CLL;2025-08-30T05:00:00.000Z;2025-09-03T21:48:40.544Z;;;true;null;false;false;false;false;0
AE;1;null;null;;;20100010136;NAVE0132;2025-08-30T16:48:40.000Z;2025-09-01T16:48:56.000Z;1356;1522;false;false;false;false;1;12;1;;null;;;;;;I;;;;0;;false;null;CY-88633-SM;null;ALBANIA;btkhgsjqtifgcfablang;93141ca4-810a-11f0-82ec-525400a18efc;null;null;null;2025-06-30T05:00:00.000Z;2025-06-25T21:48:56.935Z;;3981;NAVE0132;null;CLL;2025-08-30T05:00:00.000Z;2025-09-03T21:48:40.544Z;;;true;null;false;false;false;false;0
AE;1;null;null;;;20100010136;NAVE0133;2025-08-30T16:48:40.000Z;2025-09-01T16:48:56.000Z;1356;1522;false;false;false;false;1;12;1;;null;;;;;;I;;;;0;;false;null;CY-24635-MM;null;ALBANIA;cqpfgptrgkkfkheafihd;92c9cd1e-810a-11f0-82ec-525400a18efc;null;null;null;2025-06-30T05:00:00.000Z;2025-06-25T21:48:56.935Z;;3980;NAVE0133;null;CLL;2025-08-30T05:00:00.000Z;2025-09-03T21:48:40.544Z;;;true;null;false;false;false;false;0
AE;1;null;null;;;20100010136;NAVE0134;2025-08-30T16:48:40.000Z;2025-09-01T16:48:56.000Z;1356;1522;false;false;false;false;1;12;1;;null;;;;;;I;;;;0;;false;null;TA-30416-BM;null;ALBANIA;mscdomksqlmtqtjjcpam;927b10c8-810a-11f0-82ec-525400a18efc;null;null;null;2025-06-30T05:00:00.000Z;2025-06-25T21:48:56.935Z;;3979;NAVE0134;null;CLL;2025-08-30T05:00:00.000Z;2025-09-03T21:48:40.544Z;;;true;null;false;false;false;false;0
AE;1;null;null;;;20100010136;NAVE0135;2025-08-30T16:48:40.000Z;2025-09-01T16:48:56.000Z;1356;1522;false;false;false;false;1;12;1;;null;;;;;;I;;;;0;;false;null;PL-20433-DL;null;ALBANIA;bnjglaqbbomdjrtddpqp;922ca292-810a-11f0-82ec-525400a18efc;null;null;null;2025-06-30T05:00:00.000Z;2025-06-25T21:48:56.935Z;;3978;NAVE0135;null;CLL;2025-08-30T05:00:00.000Z;2025-09-03T21:48:40.544Z;;;true;null;false;false;false;false;0
AE;1;null;null;;;20100010136;NAVE0136;2025-08-30T16:48:40.000Z;2025-09-01T16:48:56.000Z;1356;1522;false;false;false;false;1;12;1;;null;;;;;;I;;;;0;;false;null;PS-82477-SM;null;ALBANIA;knigklsfbjpmtjthianq;91e1b642-810a-11f0-82ec-525400a18efc;null;null;null;2025-06-30T05:00:00.000Z;2025-06-25T21:48:56.935Z;;3977;NAVE0136;null;CLL;2025-08-30T05:00:00.000Z;2025-09-03T21:48:40.544Z;;;true;null;false;false;false;false;0
AE;1;null;null;;;20100010136;NAVE0137;2025-08-30T16:48:40.000Z;2025-09-01T16:48:56.000Z;1356;1522;false;false;false;false;1;12;1;;null;;;;;;I;;;;0;;false;null;PS-57267-SM;null;ALBANIA;bsikccnqqripmmqlpcne;91978e14-810a-11f0-82ec-525400a18efc;null;null;null;2025-06-30T05:00:00.000Z;2025-06-25T21:48:56.935Z;;3976;NAVE0137;null;CLL;2025-08-30T05:00:00.000Z;2025-09-03T21:48:40.544Z;;;true;null;false;false;false;false;0
AE;1;null;null;;;20100010136;NAVE0138;2025-08-30T16:48:40.000Z;2025-09-01T16:48:56.000Z;1356;1522;false;false;false;false;1;12;1;;null;;;;;;I;;;;0;;false;null;SE-95418-PM;null;ALBANIA;cpmrgpnlgabgaooiodkp;914b90de-810a-11f0-82ec-525400a18efc;null;null;null;2025-06-30T05:00:00.000Z;2025-06-25T21:48:56.935Z;;3975;NAVE0138;null;CLL;2025-08-30T05:00:00.000Z;2025-09-03T21:48:40.544Z;;;true;null;false;false;false;false;0
AE;1;null;null;;;20100010136;NAVE0139;2025-08-30T16:48:40.000Z;2025-09-01T16:48:56.000Z;1356;1522;false;false;false;false;1;12;1;;null;;;;;;I;;;;0;;false;null;MO-62613-PM;null;ALBANIA;almifarppirpfborfmtm;90fe8238-810a-11f0-82ec-525400a18efc;null;null;null;2025-06-30T05:00:00.000Z;2025-06-25T21:48:56.935Z;;3974;NAVE0139;null;CLL;2025-08-30T05:00:00.000Z;2025-09-03T21:48:40.544Z;;;true;null;false;false;false;false;0
AE;1;null;null;;;20100010136;NAVE0140;2025-08-30T16:48:40.000Z;2025-09-01T16:48:56.000Z;1356;1522;false;false;false;false;1;12;1;;null;;;;;;I;;;;0;;false;null;PM-05860-EL;null;ALBANIA;dnsrehejbbebdgrrrlfi;90b03b12-810a-11f0-82ec-525400a18efc;null;null;null;2025-06-30T05:00:00.000Z;2025-06-25T21:48:56.935Z;;3973;NAVE0140;null;CLL;2025-08-30T05:00:00.000Z;2025-09-03T21:48:40.544Z;;;true;null;false;false;false;false;0
AE;1;null;null;;;20100010136;NAVE0141;2025-08-30T16:48:40.000Z;2025-09-01T16:48:56.000Z;1356;1522;false;false;false;false;1;12;1;;null;;;;;;I;;;;0;;false;null;CE-55326-CM;null;ALBANIA;amcbsjtbfgojgsjpnipb;90648cfc-810a-11f0-82ec-525400a18efc;null;null;null;2025-06-30T05:00:00.000Z;2025-06-25T21:48:56.935Z;;3972;NAVE0141;null;CLL;2025-08-30T05:00:00.000Z;2025-09-03T21:48:40.544Z;;;true;null;false;false;false;false;0
AE;1;null;null;;;20100010136;NAVE0142;2025-08-30T16:48:40.000Z;2025-09-01T16:48:56.000Z;1356;1522;false;false;false;false;1;12;1;;null;;;;;;I;;;;0;;false;null;PL-46887-EM;null;ALBANIA;fjlilbkohsetrrcommsc;901e8336-810a-11f0-82ec-525400a18efc;null;null;null;2025-06-30T05:00:00.000Z;2025-06-25T21:48:56.935Z;;3971;NAVE0142;null;CLL;2025-08-30T05:00:00.000Z;2025-09-03T21:48:40.544Z;;;true;null;false;false;false;false;0
AE;1;null;null;;;20100010136;NAVE0143;2025-08-30T16:48:40.000Z;2025-09-01T16:48:56.000Z;1356;1522;false;false;false;false;1;12;1;;null;;;;;;I;;;;0;;false;null;PS-55325-CM;null;ALBANIA;fdsljlflsmkkprghrdhs;8fcb5a10-810a-11f0-82ec-525400a18efc;null;null;null;2025-06-30T05:00:00.000Z;2025-06-25T21:48:56.935Z;;3970;NAVE0143;null;CLL;2025-08-30T05:00:00.000Z;2025-09-03T21:48:40.544Z;;;true;null;false;false;false;false;0
AE;1;null;null;;;20100010136;NAVE0144;2025-08-30T16:48:40.000Z;2025-09-01T16:48:56.000Z;1356;1522;false;false;false;false;1;12;1;;null;;;;;;I;;;;0;;false;null;YU-07850-DF;null;ALBANIA;codtnrjblkhcjqbmnfcm;8f7fd20a-810a-11f0-82ec-525400a18efc;null;null;null;2025-06-30T05:00:00.000Z;2025-06-25T21:48:56.935Z;;3969;NAVE0144;null;CLL;2025-08-30T05:00:00.000Z;2025-09-03T21:48:40.544Z;;;true;null;false;false;false;false;0
AE;1;null;null;;;20100010136;NAVE0145;2025-08-30T16:48:40.000Z;2025-09-01T16:48:56.000Z;1356;1522;false;false;false;false;1;12;1;;null;;;;;;I;;;;0;;false;null;YU-74903-DL;null;ALBANIA;eblhghcnjanteotepmqo;8f3693f4-810a-11f0-82ec-525400a18efc;null;null;null;2025-06-30T05:00:00.000Z;2025-06-25T21:48:56.935Z;;3968;NAVE0145;null;CLL;2025-08-30T05:00:00.000Z;2025-09-03T21:48:40.544Z;;;true;null;false;false;false;false;0
AE;1;null;null;;;20100010136;NAVE0146;2025-08-30T16:48:40.000Z;2025-09-01T16:48:56.000Z;1356;1522;false;false;false;false;1;12;1;;null;;;;;;I;;;;0;;false;null;CO-94947-DM;null;ALBANIA;bqptfiojqgoktgtrgcat;8eea489e-810a-11f0-82ec-525400a18efc;null;null;null;2025-06-30T05:00:00.000Z;2025-06-25T21:48:56.935Z;;3967;NAVE0146;null;CLL;2025-08-30T05:00:00.000Z;2025-09-03T21:48:40.544Z;;;true;null;false;false;false;false;0
AE;1;null;null;;;20100010136;NAVE0147;2025-08-30T16:48:40.000Z;2025-09-01T16:48:56.000Z;1356;1522;false;false;false;false;1;12;1;;null;;;;;;I;;;;0;;false;null;IQ-35602-DF;null;ALBANIA;ddrtpshojddolrdrdorc;8e9e7278-810a-11f0-82ec-525400a18efc;null;null;null;2025-06-30T05:00:00.000Z;2025-06-25T21:48:56.935Z;;3966;NAVE0147;null;CLL;2025-08-30T05:00:00.000Z;2025-09-03T21:48:40.544Z;;;true;null;false;false;false;false;0
AE;1;null;null;;;20100010136;NAVE0148;2025-08-30T16:48:40.000Z;2025-09-01T16:48:56.000Z;1356;1522;false;false;false;false;1;12;1;;null;;;;;;I;;;;0;;false;null;SN-98166-SM;null;ALBANIA;ihhthhlrinikqmdcnbll;8e507972-810a-11f0-82ec-525400a18efc;null;null;null;2025-06-30T05:00:00.000Z;2025-06-25T21:48:56.935Z;;3965;NAVE0148;null;CLL;2025-08-30T05:00:00.000Z;2025-09-03T21:48:40.544Z;;;true;null;false;false;false;false;0
AE;1;null;null;;;20100010136;NAVE0149;2025-08-30T16:48:40.000Z;2025-09-01T16:48:56.000Z;1356;1522;false;false;false;false;1;12;1;;null;;;;;;I;;;;0;;false;null;CE-85744-AF;null;ALBANIA;deibolkltsqcoahaskbb;8e0b810e-810a-11f0-82ec-525400a18efc;null;null;null;2025-06-30T05:00:00.000Z;2025-06-25T21:48:56.935Z;;3964;NAVE0149;null;CLL;2025-08-30T05:00:00.000Z;2025-09-03T21:48:40.544Z;;;true;null;false;false;false;false;0
AE;1;null;null;;;20100010136;NAVE0150;2025-08-30T16:48:40.000Z;2025-09-01T16:48:56.000Z;1356;1522;false;false;false;false;1;12;1;;null;;;;;;I;;;;0;;false;null;CE-40182-MF;null;ALBANIA;lnhgpkrpcoitnghomadb;8e0b59f6-810a-11f0-82ec-525400a18efc;null;null;null;2025-06-30T05:00:00.000Z;2025-06-25T21:48:56.935Z;;3963;NAVE0150;null;CLL;2025-08-30T05:00:00.000Z;2025-09-03T21:48:40.544Z;;;true;null;false;false;false;false;0
