imo,matricula,documentInstance,document,versionFt,estadoVersionFt,estadoFictecId,materialCascoId,paisId,tipoNaveId,tipoTraficoId,armadorId,navieraId,puertoMatriculaId,fechaMatricula,nombreNave,callSign,inmarsat,mmsi,sociedadClasificadora,dicapi,constructorInfoNave,anoConstructor,tonelajePesoMuerto,velocidad,eslora,manga,puntal,arqueoNeto,arqueoBruto,caladoMinimo,caladoMaximo,dobleCaso,comentario,rucUsuario,tipoSeguimientoId,rol,razonSocialUsuario,operation,ficha_tecnica_id,ficha_tecnica_det_id
null,CO-42280-DF,ba1b42fe-810a-11f0-82ec-525400a18efc,qpmoednrcoaadiqtsdpj,1,1,2,7,446,39,4,1,319,1,2025-08-12,NAVE0001,null,null,null,null,--,SIPI,2023,1222,null,322,200,144,123,134,44,55,true,,20100010136,2,ADM,COSMOS AGENCIA MARITIMA SAC,r,3808,4112
null,SE-84292-BF,b9d27a32-810a-11f0-82ec-525400a18efc,qmqqraobiqqoctglfigp,1,1,2,7,446,39,4,1,319,1,2025-08-12,NAVE0002,null,null,null,null,--,SIPI,2023,1222,null,322,200,144,123,134,44,55,true,,20100010136,2,ADM,COSMOS AGENCIA MARITIMA SAC,r,3807,4111
null,SY-14474-DM,b984f648-810a-11f0-82ec-525400a18efc,qcldlneecdbbhldatqnp,1,1,2,7,446,39,4,1,319,1,2025-08-12,NAVE0003,null,null,null,null,--,SIPI,2023,1222,null,322,200,144,123,134,44,55,true,,20100010136,2,ADM,COSMOS AGENCIA MARITIMA SAC,r,3806,4110
null,SE-43025-AL,b9363a3a-810a-11f0-82ec-525400a18efc,qrjlejqqaifbsoigjrdk,1,1,2,7,446,39,4,1,319,1,2025-08-12,NAVE0004,null,null,null,null,--,SIPI,2023,1222,null,322,200,144,123,134,44,55,true,,20100010136,2,ADM,COSMOS AGENCIA MARITIMA SAC,r,3805,4109
null,IO-77227-MM,b8e9eee4-810a-11f0-82ec-525400a18efc,okgbsplpribijjcdjrne,1,1,2,7,446,39,4,1,319,1,2025-08-12,NAVE0005,null,null,null,null,--,SIPI,2023,1222,null,322,200,144,123,134,44,55,true,,20100010136,2,ADM,COSMOS AGENCIA MARITIMA SAC,r,3804,4108
null,PU-95899-SM,b89e66de-810a-11f0-82ec-525400a18efc,chjeioqogcnrhtgdrclc,1,1,2,7,446,39,4,1,319,1,2025-08-12,NAVE0006,null,null,null,null,--,SIPI,2023,1222,null,322,200,144,123,134,44,55,true,,20100010136,2,ADM,COSMOS AGENCIA MARITIMA SAC,r,3803,4107
null,PS-48177-AM,b8546578-810a-11f0-82ec-525400a18efc,mjladnntpfdddcoealkg,1,1,2,7,446,39,4,1,319,1,2025-08-12,NAVE0007,null,null,null,null,--,SIPI,2023,1222,null,322,200,144,123,134,44,55,true,,20100010136,2,ADM,COSMOS AGENCIA MARITIMA SAC,r,3802,4106
null,PL-80765-EM,b805a922-810a-11f0-82ec-525400a18efc,fjsommrqggofatgaadof,1,1,2,7,446,39,4,1,319,1,2025-08-12,NAVE0008,null,null,null,null,--,SIPI,2023,1222,null,322,200,144,123,134,44,55,true,,20100010136,2,ADM,COSMOS AGENCIA MARITIMA SAC,r,3801,4105
null,PA-90867-ML,b7bc921c-810a-11f0-82ec-525400a18efc,ktjecjoolrfnrpbtjqbl,1,1,2,7,446,39,4,1,319,1,2025-08-12,NAVE0009,null,null,null,null,--,SIPI,2023,1222,null,322,200,144,123,134,44,55,true,,20100010136,2,ADM,COSMOS AGENCIA MARITIMA SAC,r,3800,4104
null,MO-53849-MM,b7713118-810a-11f0-82ec-525400a18efc,pdnpefccfqbhdacqjbjc,1,1,2,7,446,39,4,1,319,1,2025-08-12,NAVE0010,null,null,null,null,--,SIPI,2023,1222,null,322,200,144,123,134,44,55,true,,20100010136,2,ADM,COSMOS AGENCIA MARITIMA SAC,r,3799,4103
null,CE-00417-AM,b71f8ea0-810a-11f0-82ec-525400a18efc,bbcngokiqmakttljkder,1,1,2,7,446,39,4,1,319,1,2025-08-12,NAVE0011,null,null,null,null,--,SIPI,2023,1222,null,322,200,144,123,134,44,55,true,,20100010136,2,ADM,COSMOS AGENCIA MARITIMA SAC,r,3798,4102
null,TA-88733-BL,b6d6779a-810a-11f0-82ec-525400a18efc,pkotfjtschkpieqoofqq,1,1,2,7,446,39,4,1,319,1,2025-08-12,NAVE0012,null,null,null,null,--,SIPI,2023,1222,null,322,200,144,123,134,44,55,true,,20100010136,2,ADM,COSMOS AGENCIA MARITIMA SAC,r,3797,4101
null,SE-74607-AL,b686d0e4-810a-11f0-82ec-525400a18efc,bermghlctibrhffcpohc,1,1,2,7,446,39,4,1,319,1,2025-08-12,NAVE0013,null,null,null,null,--,SIPI,2023,1222,null,322,200,144,123,134,44,55,true,,20100010136,2,ADM,COSMOS AGENCIA MARITIMA SAC,r,3796,4100
null,MO-84878-DF,b63a5e7e-810a-11f0-82ec-525400a18efc,klthgatbnpbfqkesleok,1,1,2,7,446,39,4,1,319,1,2025-08-12,NAVE0014,null,null,null,null,--,SIPI,2023,1222,null,322,200,144,123,134,44,55,true,,20100010136,2,ADM,COSMOS AGENCIA MARITIMA SAC,r,3795,4099
null,PA-41929-DF,b5ee3a38-810a-11f0-82ec-525400a18efc,otiidlnaanfeearabqhe,1,1,2,7,446,39,4,1,319,1,2025-08-12,NAVE0015,null,null,null,null,--,SIPI,2023,1222,null,322,200,144,123,134,44,55,true,,20100010136,2,ADM,COSMOS AGENCIA MARITIMA SAC,r,3794,4098
null,CY-32186-ML,b5a1c8d2-810a-11f0-82ec-525400a18efc,gbchmsosdgjskemrkqtb,1,1,2,7,446,39,4,1,319,1,2025-08-12,NAVE0016,null,null,null,null,--,SIPI,2023,1222,null,322,200,144,123,134,44,55,true,,20100010136,2,ADM,COSMOS AGENCIA MARITIMA SAC,r,3793,4097
null,HO-27660-EF,b557791e-810a-11f0-82ec-525400a18efc,ingptjsclatjmocsaejt,1,1,2,7,446,39,4,1,319,1,2025-08-12,NAVE0017,null,null,null,null,--,SIPI,2023,1222,null,322,200,144,123,134,44,55,true,,20100010136,2,ADM,COSMOS AGENCIA MARITIMA SAC,r,3792,4096
null,YU-73626-CM,b509f534-810a-11f0-82ec-525400a18efc,qrkqaqqtsftcetrajnhg,1,1,2,7,446,39,4,1,319,1,2025-08-12,NAVE0018,null,null,null,null,--,SIPI,2023,1222,null,322,200,144,123,134,44,55,true,,20100010136,2,ADM,COSMOS AGENCIA MARITIMA SAC,r,3791,4095
null,CO-59286-EM,b4bd0d96-810a-11f0-82ec-525400a18efc,fridmosofsrdtchemsjg,1,1,2,7,446,39,4,1,319,1,2025-08-12,NAVE0019,null,null,null,null,--,SIPI,2023,1222,null,322,200,144,123,134,44,55,true,,20100010136,2,ADM,COSMOS AGENCIA MARITIMA SAC,r,3790,4094
null,PM-06960-DF,b470c27c-810a-11f0-82ec-525400a18efc,gkdrrrlkedptiqskfqpb,1,1,2,7,446,39,4,1,319,1,2025-08-12,NAVE0020,null,null,null,null,--,SIPI,2023,1222,null,322,200,144,123,134,44,55,true,,20100010136,2,ADM,COSMOS AGENCIA MARITIMA SAC,r,3789,4093
null,SN-13802-EM,b42624d6-810a-11f0-82ec-525400a18efc,hcpojgbdnscbrkrmpgti,1,1,2,7,446,39,4,1,319,1,2025-08-12,NAVE0021,null,null,null,null,--,SIPI,2023,1222,null,322,200,144,123,134,44,55,true,,20100010136,2,ADM,COSMOS AGENCIA MARITIMA SAC,r,3788,4092
null,IQ-42252-BM,b3dd34e0-810a-11f0-82ec-525400a18efc,piqnnaqjnncqngedddqn,1,1,2,7,446,39,4,1,319,1,2025-08-12,NAVE0022,null,null,null,null,--,SIPI,2023,1222,null,322,200,144,123,134,44,55,true,,20100010136,2,ADM,COSMOS AGENCIA MARITIMA SAC,r,3787,4091
null,MO-09986-AF,b38e517a-810a-11f0-82ec-525400a18efc,idjecpcfdakteabjsjji,1,1,2,7,446,39,4,1,319,1,2025-08-12,NAVE0023,null,null,null,null,--,SIPI,2023,1222,null,322,200,144,123,134,44,55,true,,20100010136,2,ADM,COSMOS AGENCIA MARITIMA SAC,r,3786,4090
null,TA-54040-SM,b3403164-810a-11f0-82ec-525400a18efc,eikahbmhnndpobpocefb,1,1,2,7,446,39,4,1,319,1,2025-08-12,NAVE0024,null,null,null,null,--,SIPI,2023,1222,null,322,200,144,123,134,44,55,true,,20100010136,2,ADM,COSMOS AGENCIA MARITIMA SAC,r,3785,4089
null,CO-42138-AF,b2f4824e-810a-11f0-82ec-525400a18efc,pblqnqenaqmlrqtpbeon,1,1,2,7,446,39,4,1,319,1,2025-08-12,NAVE0025,null,null,null,null,--,SIPI,2023,1222,null,322,200,144,123,134,44,55,true,,20100010136,2,ADM,COSMOS AGENCIA MARITIMA SAC,r,3784,4088
null,MO-68500-CM,b2ab4438-810a-11f0-82ec-525400a18efc,ksihmjqldnbojjtdjrnt,1,1,2,7,446,39,4,1,319,1,2025-08-12,NAVE0026,null,null,null,null,--,SIPI,2023,1222,null,322,200,144,123,134,44,55,true,,20100010136,2,ADM,COSMOS AGENCIA MARITIMA SAC,r,3783,4087
null,CO-16918-BM,b25c88e2-810a-11f0-82ec-525400a18efc,ijitfhhefirjemltpsqs,1,1,2,7,446,39,4,1,319,1,2025-08-12,NAVE0027,null,null,null,null,--,SIPI,2023,1222,null,322,200,144,123,134,44,55,true,,20100010136,2,ADM,COSMOS AGENCIA MARITIMA SAC,r,3782,4086
null,PM-07200-DF,b2103d8c-810a-11f0-82ec-525400a18efc,dppbrnqddforggortsij,1,1,2,7,446,39,4,1,319,1,2025-08-12,NAVE0028,null,null,null,null,--,SIPI,2023,1222,null,322,200,144,123,134,44,55,true,,20100010136,2,ADM,COSMOS AGENCIA MARITIMA SAC,r,3781,4085
null,SE-37214-AF,b1c24486-810a-11f0-82ec-525400a18efc,kfcbdljcnpdhokkbkjak,1,1,2,7,446,39,4,1,319,1,2025-08-12,NAVE0029,null,null,null,null,--,SIPI,2023,1222,null,322,200,144,123,134,44,55,true,,20100010136,2,ADM,COSMOS AGENCIA MARITIMA SAC,r,3780,4084
null,IO-97141-ML,b175f930-810a-11f0-82ec-525400a18efc,jjaiajjekmhoscoihbfo,1,1,2,7,446,39,4,1,319,1,2025-08-12,NAVE0030,null,null,null,null,--,SIPI,2023,1222,null,322,200,144,123,134,44,55,true,,20100010136,2,ADM,COSMOS AGENCIA MARITIMA SAC,r,3779,4083
null,IO-03878-EM,b12b0d6a-810a-11f0-82ec-525400a18efc,kreobskmbikdakiehfmo,1,1,2,7,446,39,4,1,319,1,2025-08-12,NAVE0031,null,null,null,null,--,SIPI,2023,1222,null,322,200,144,123,134,44,55,true,,20100010136,2,ADM,COSMOS AGENCIA MARITIMA SAC,r,3778,4082
null,YU-03442-MF,b0df3744-810a-11f0-82ec-525400a18efc,dkfjsphqabsbffrhpofr,1,1,2,7,446,39,4,1,319,1,2025-08-12,NAVE0032,null,null,null,null,--,SIPI,2023,1222,null,322,200,144,123,134,44,55,true,,20100010136,2,ADM,COSMOS AGENCIA MARITIMA SAC,r,3777,4081
null,PU-35793-MM,b0955d64-810a-11f0-82ec-525400a18efc,fjlrkriqthpthnfjbgrr,1,1,2,7,446,39,4,1,319,1,2025-08-12,NAVE0033,null,null,null,null,--,SIPI,2023,1222,null,322,200,144,123,134,44,55,true,,20100010136,2,ADM,COSMOS AGENCIA MARITIMA SAC,r,3776,4080
null,SN-69110-MM,b04bd148-810a-11f0-82ec-525400a18efc,ejldnntjbcnkhdidhqlp,1,1,2,7,446,39,4,1,319,1,2025-08-12,NAVE0034,null,null,null,null,--,SIPI,2023,1222,null,322,200,144,123,134,44,55,true,,20100010136,2,ADM,COSMOS AGENCIA MARITIMA SAC,r,3775,4079
null,CE-88133-BM,affa2eae-810a-11f0-82ec-525400a18efc,fsmitrmtmjkmertbacen,1,1,2,7,446,39,4,1,319,1,2025-08-12,NAVE0035,null,null,null,null,--,SIPI,2023,1222,null,322,200,144,123,134,44,55,true,,20100010136,2,ADM,COSMOS AGENCIA MARITIMA SAC,r,3774,4078
null,PT-16761-DL,afacd18c-810a-11f0-82ec-525400a18efc,fggmbkcrngnhlbijrdpq,1,1,2,7,446,39,4,1,319,1,2025-08-12,NAVE0036,null,null,null,null,--,SIPI,2023,1222,null,322,200,144,123,134,44,55,true,,20100010136,2,ADM,COSMOS AGENCIA MARITIMA SAC,r,3773,4077
null,PL-17017-BL,af61beb6-810a-11f0-82ec-525400a18efc,mqemrbbmrtrogqmprtmh,1,1,2,7,446,39,4,1,319,1,2025-08-12,NAVE0037,null,null,null,null,--,SIPI,2023,1222,null,322,200,144,123,134,44,55,true,,20100010136,2,ADM,COSMOS AGENCIA MARITIMA SAC,r,3772,4076
null,PM-19223-AL,af160fa0-810a-11f0-82ec-525400a18efc,notlpfbgkcetqalmmpsh,1,1,2,7,446,39,4,1,319,1,2025-08-12,NAVE0038,null,null,null,null,--,SIPI,2023,1222,null,322,200,144,123,134,44,55,true,,20100010136,2,ADM,COSMOS AGENCIA MARITIMA SAC,r,3771,4075
null,SE-56558-EL,aec864ba-810a-11f0-82ec-525400a18efc,ihqsisccednirdnasogo,1,1,2,7,446,39,4,1,319,1,2025-08-12,NAVE0039,null,null,null,null,--,SIPI,2023,1222,null,322,200,144,123,134,44,55,true,,20100010136,2,ADM,COSMOS AGENCIA MARITIMA SAC,r,3770,4074
null,SE-56978-SM,ae7c4174-810a-11f0-82ec-525400a18efc,elqbcrriihfmnlcnnnrc,1,1,2,7,446,39,4,1,319,1,2025-08-12,NAVE0040,null,null,null,null,--,SIPI,2023,1222,null,322,200,144,123,134,44,55,true,,20100010136,2,ADM,COSMOS AGENCIA MARITIMA SAC,r,3769,4073
null,SY-19483-AM,ae2fcf0e-810a-11f0-82ec-525400a18efc,rjhjbcmtcfcclectrdrj,1,1,2,7,446,39,4,1,319,1,2025-08-12,NAVE0041,null,null,null,null,--,SIPI,2023,1222,null,322,200,144,123,134,44,55,true,,20100010136,2,ADM,COSMOS AGENCIA MARITIMA SAC,r,3768,4072
null,MO-71456-BM,ade3f8e8-810a-11f0-82ec-525400a18efc,paltstlkijnfresckoeb,1,1,2,7,446,39,4,1,319,1,2025-08-12,NAVE0042,null,null,null,null,--,SIPI,2023,1222,null,322,200,144,123,134,44,55,true,,20100010136,2,ADM,COSMOS AGENCIA MARITIMA SAC,r,3767,4071
null,IQ-47717-MF,ad964e02-810a-11f0-82ec-525400a18efc,fgqhjgikdgkhnqfekhcn,1,1,2,7,446,39,4,1,319,1,2025-08-12,NAVE0043,null,null,null,null,--,SIPI,2023,1222,null,322,200,144,123,134,44,55,true,,20100010136,2,ADM,COSMOS AGENCIA MARITIMA SAC,r,3766,4070
null,CE-48547-PM,ad4ac5fc-810a-11f0-82ec-525400a18efc,fehlohjlriomdmomqhnf,1,1,2,7,446,39,4,1,319,1,2025-08-12,NAVE0044,null,null,null,null,--,SIPI,2023,1222,null,322,200,144,123,134,44,55,true,,20100010136,2,ADM,COSMOS AGENCIA MARITIMA SAC,r,3765,4069
null,SE-64520-CM,ad0112b6-810a-11f0-82ec-525400a18efc,jeagmijpslaqjsmfmfpg,1,1,2,7,446,39,4,1,319,1,2025-08-12,NAVE0045,null,null,null,null,--,SIPI,2023,1222,null,322,200,144,123,134,44,55,true,,20100010136,2,ADM,COSMOS AGENCIA MARITIMA SAC,r,3764,4068
null,SN-60077-DF,acb2a480-810a-11f0-82ec-525400a18efc,prkggqljkfddbiaghnli,1,1,2,7,446,39,4,1,319,1,2025-08-12,NAVE0046,null,null,null,null,--,SIPI,2023,1222,null,322,200,144,123,134,44,55,true,,20100010136,2,ADM,COSMOS AGENCIA MARITIMA SAC,r,3763,4067
null,IO-30287-DM,ac67dfca-810a-11f0-82ec-525400a18efc,cgapgarciasqnpgoqofp,1,1,2,7,446,39,4,1,319,1,2025-08-12,NAVE0047,null,null,null,null,--,SIPI,2023,1222,null,322,200,144,123,134,44,55,true,,20100010136,2,ADM,COSMOS AGENCIA MARITIMA SAC,r,3762,4066
null,PM-09460-PM,ac1cccf4-810a-11f0-82ec-525400a18efc,pekokmbilkelojdfhpld,1,1,2,7,446,39,4,1,319,1,2025-08-12,NAVE0048,null,null,null,null,--,SIPI,2023,1222,null,322,200,144,123,134,44,55,true,,20100010136,2,ADM,COSMOS AGENCIA MARITIMA SAC,r,3761,4065
null,SY-38248-BM,abcdc322-810a-11f0-82ec-525400a18efc,rejreedimrdkpjrtlfhe,1,1,2,7,446,39,4,1,319,1,2025-08-12,NAVE0049,null,null,null,null,--,SIPI,2023,1222,null,322,200,144,123,134,44,55,true,,20100010136,2,ADM,COSMOS AGENCIA MARITIMA SAC,r,3760,4064
null,MO-91793-EM,ab8150d6-810a-11f0-82ec-525400a18efc,laiijstjfdbbdoddisqk,1,1,2,7,446,39,4,1,319,1,2025-08-12,NAVE0050,null,null,null,null,--,SIPI,2023,1222,null,322,200,144,123,134,44,55,true,,20100010136,2,ADM,COSMOS AGENCIA MARITIMA SAC,r,3759,4063
null,YU-59879-BM,ab370098-810a-11f0-82ec-525400a18efc,aqhsrkdjmagdggasocmk,1,1,2,7,446,39,4,1,319,1,2025-08-12,NAVE0051,null,null,null,null,--,SIPI,2023,1222,null,322,200,144,123,134,44,55,true,,20100010136,2,ADM,COSMOS AGENCIA MARITIMA SAC,r,3758,4062
null,SN-68655-BL,aaea8e4c-810a-11f0-82ec-525400a18efc,fidadhoperggtddjseoo,1,1,2,7,446,39,4,1,319,1,2025-08-12,NAVE0052,null,null,null,null,--,SIPI,2023,1222,null,322,200,144,123,134,44,55,true,,20100010136,2,ADM,COSMOS AGENCIA MARITIMA SAC,r,3757,4061
null,PM-42496-EM,aa9ee036-810a-11f0-82ec-525400a18efc,mgfmcgdfrasjlgbfratc,1,1,2,7,446,39,4,1,319,1,2025-08-12,NAVE0053,null,null,null,null,--,SIPI,2023,1222,null,322,200,144,123,134,44,55,true,,20100010136,2,ADM,COSMOS AGENCIA MARITIMA SAC,r,3756,4060
null,HO-94635-BM,aa4f6090-810a-11f0-82ec-525400a18efc,rtkdfslibtglpgqjmglb,1,1,2,7,446,39,4,1,319,1,2025-08-12,NAVE0054,null,null,null,null,--,SIPI,2023,1222,null,322,200,144,123,134,44,55,true,,20100010136,2,ADM,COSMOS AGENCIA MARITIMA SAC,r,3755,4059
null,PM-82703-BL,aa03153a-810a-11f0-82ec-525400a18efc,ndadkkflgcgjgcoepcim,1,1,2,7,446,39,4,1,319,1,2025-08-12,NAVE0055,null,null,null,null,--,SIPI,2023,1222,null,322,200,144,123,134,44,55,true,,20100010136,2,ADM,COSMOS AGENCIA MARITIMA SAC,r,3754,4058
null,PM-20615-BL,a9bf0744-810a-11f0-82ec-525400a18efc,tjopjfjeercidjcsgqcr,1,1,2,7,446,39,4,1,319,1,2025-08-12,NAVE0056,null,null,null,null,--,SIPI,2023,1222,null,322,200,144,123,134,44,55,true,,20100010136,2,ADM,COSMOS AGENCIA MARITIMA SAC,r,3753,4057
null,IO-97798-MM,a96dd9ee-810a-11f0-82ec-525400a18efc,loasbogmeegrenhmrgcs,1,1,2,7,446,39,4,1,319,1,2025-08-12,NAVE0057,null,null,null,null,--,SIPI,2023,1222,null,322,200,144,123,134,44,55,true,,20100010136,2,ADM,COSMOS AGENCIA MARITIMA SAC,r,3752,4056
null,ZS-88252-CM,a91de518-810a-11f0-82ec-525400a18efc,ibfnmkmtmcinnoclagmq,1,1,2,7,446,39,4,1,319,1,2025-08-12,NAVE0058,null,null,null,null,--,SIPI,2023,1222,null,322,200,144,123,134,44,55,true,,20100010136,2,ADM,COSMOS AGENCIA MARITIMA SAC,r,3751,4055
null,CE-08775-PM,a8d199c2-810a-11f0-82ec-525400a18efc,mithdekngcfrdnlnokom,1,1,2,7,446,39,4,1,319,1,2025-08-12,NAVE0059,null,null,null,null,--,SIPI,2023,1222,null,322,200,144,123,134,44,55,true,,20100010136,2,ADM,COSMOS AGENCIA MARITIMA SAC,r,3750,4054
null,CO-70100-CM,a884b22c-810a-11f0-82ec-525400a18efc,icgisiirabocmfphibsb,1,1,2,7,446,39,4,1,319,1,2025-08-12,NAVE0060,null,null,null,null,--,SIPI,2023,1222,null,322,200,144,123,134,44,55,true,,20100010136,2,ADM,COSMOS AGENCIA MARITIMA SAC,r,3749,4053
null,SE-10876-AL,a8390316-810a-11f0-82ec-525400a18efc,smmetejakdrgtksjgppn,1,1,2,7,446,39,4,1,319,1,2025-08-12,NAVE0061,null,null,null,null,--,SIPI,2023,1222,null,322,200,144,123,134,44,55,true,,20100010136,2,ADM,COSMOS AGENCIA MARITIMA SAC,r,3748,4052
null,TA-46483-DL,a7eda220-810a-11f0-82ec-525400a18efc,qlgbnciiatheqegfecjg,1,1,2,7,446,39,4,1,319,1,2025-08-12,NAVE0062,null,null,null,null,--,SIPI,2023,1222,null,322,200,144,123,134,44,55,true,,20100010136,2,ADM,COSMOS AGENCIA MARITIMA SAC,r,3747,4051
null,CE-57357-EL,a7a0455a-810a-11f0-82ec-525400a18efc,dntsrbdironjabskdofq,1,1,2,7,446,39,4,1,319,1,2025-08-12,NAVE0063,null,null,null,null,--,SIPI,2023,1222,null,322,200,144,123,134,44,55,true,,20100010136,2,ADM,COSMOS AGENCIA MARITIMA SAC,r,3746,4050
null,MO-22599-DF,a7549644-810a-11f0-82ec-525400a18efc,hsjafethacpeernpqlnp,1,1,2,7,446,39,4,1,319,1,2025-08-12,NAVE0064,null,null,null,null,--,SIPI,2023,1222,null,322,200,144,123,134,44,55,true,,20100010136,2,ADM,COSMOS AGENCIA MARITIMA SAC,r,3745,4049
null,PM-27387-CM,a70e666e-810a-11f0-82ec-525400a18efc,stmbjrnsfadebbfmehoh,1,1,2,7,446,39,4,1,319,1,2025-08-12,NAVE0065,null,null,null,null,--,SIPI,2023,1222,null,322,200,144,123,134,44,55,true,,20100010136,2,ADM,COSMOS AGENCIA MARITIMA SAC,r,3744,4048
null,TA-97515-EM,a6c32c2c-810a-11f0-82ec-525400a18efc,kabgorffbjtipjscorcf,1,1,2,7,446,39,4,1,319,1,2025-08-12,NAVE0066,null,null,null,null,--,SIPI,2023,1222,null,322,200,144,123,134,44,55,true,,20100010136,2,ADM,COSMOS AGENCIA MARITIMA SAC,r,3743,4047
null,PM-64858-MF,a6709f32-810a-11f0-82ec-525400a18efc,aqdlnaqpirtlrkicsqha,1,1,2,7,446,39,4,1,319,1,2025-08-12,NAVE0067,null,null,null,null,--,SIPI,2023,1222,null,322,200,144,123,134,44,55,true,,20100010136,2,ADM,COSMOS AGENCIA MARITIMA SAC,r,3742,4046
null,ZS-35311-DL,a62369c4-810a-11f0-82ec-525400a18efc,dlntgldjokmtpdgjflmt,1,1,2,7,446,39,4,1,319,1,2025-08-12,NAVE0068,null,null,null,null,--,SIPI,2023,1222,null,322,200,144,123,134,44,55,true,,20100010136,2,ADM,COSMOS AGENCIA MARITIMA SAC,r,3741,4045
null,PU-10751-PM,a5d6f702-810a-11f0-82ec-525400a18efc,akqhmtisjiqtocskbfoc,1,1,2,7,446,39,4,1,319,1,2025-08-12,NAVE0069,null,null,null,null,--,SIPI,2023,1222,null,322,200,144,123,134,44,55,true,,20100010136,2,ADM,COSMOS AGENCIA MARITIMA SAC,r,3740,4044
null,TA-78034-SM,a58be52c-810a-11f0-82ec-525400a18efc,tpdggrmecdrbkkbtqnkq,1,1,2,7,446,39,4,1,319,1,2025-08-12,NAVE0070,null,null,null,null,--,SIPI,2023,1222,null,322,200,144,123,134,44,55,true,,20100010136,2,ADM,COSMOS AGENCIA MARITIMA SAC,r,3739,4043
null,MO-09348-MM,a54231e6-810a-11f0-82ec-525400a18efc,dtppirtclccfkdojpkom,1,1,2,7,446,39,4,1,319,1,2025-08-12,NAVE0071,null,null,null,null,--,SIPI,2023,1222,null,322,200,144,123,134,44,55,true,,20100010136,2,ADM,COSMOS AGENCIA MARITIMA SAC,r,3738,4042
null,MO-40354-PM,a4f34e80-810a-11f0-82ec-525400a18efc,qeehsgenppolaarcloga,1,1,2,7,446,39,4,1,319,1,2025-08-12,NAVE0072,null,null,null,null,--,SIPI,2023,1222,null,322,200,144,123,134,44,55,true,,20100010136,2,ADM,COSMOS AGENCIA MARITIMA SAC,r,3737,4041
null,ZS-00494-DL,a4a5caaa-810a-11f0-82ec-525400a18efc,hmemrspmmlnhecfrhiim,1,1,2,7,446,39,4,1,319,1,2025-08-12,NAVE0073,null,null,null,null,--,SIPI,2023,1222,null,322,200,144,123,134,44,55,true,,20100010136,2,ADM,COSMOS AGENCIA MARITIMA SAC,r,3736,4040
null,ZS-25776-MM,a45d01c4-810a-11f0-82ec-525400a18efc,ehkntndbakkitmtdohdd,1,1,2,7,446,39,4,1,319,1,2025-08-12,NAVE0074,null,null,null,null,--,SIPI,2023,1222,null,322,200,144,123,134,44,55,true,,20100010136,2,ADM,COSMOS AGENCIA MARITIMA SAC,r,3735,4039
null,MO-74753-EL,a40f2fce-810a-11f0-82ec-525400a18efc,smgitbtpkqndqimkeiks,1,1,2,7,446,39,4,1,319,1,2025-08-12,NAVE0075,null,null,null,null,--,SIPI,2023,1222,null,322,200,144,123,134,44,55,true,,20100010136,2,ADM,COSMOS AGENCIA MARITIMA SAC,r,3734,4038
null,PM-33717-EM,a3c184e8-810a-11f0-82ec-525400a18efc,jookqttjghnmrrdobfdp,1,1,2,7,446,39,4,1,319,1,2025-08-12,NAVE0076,null,null,null,null,--,SIPI,2023,1222,null,322,200,144,123,134,44,55,true,,20100010136,2,ADM,COSMOS AGENCIA MARITIMA SAC,r,3733,4037
null,CE-01161-MF,a3751282-810a-11f0-82ec-525400a18efc,tssdhhtqgpopbflmtkgq,1,1,2,7,446,39,4,1,319,1,2025-08-12,NAVE0077,null,null,null,null,--,SIPI,2023,1222,null,322,200,144,123,134,44,55,true,,20100010136,2,ADM,COSMOS AGENCIA MARITIMA SAC,r,3732,4036
null,IQ-65623-BF,a329b18c-810a-11f0-82ec-525400a18efc,grghilnrhepqedpqiicj,1,1,2,7,446,39,4,1,319,1,2025-08-12,NAVE0078,null,null,null,null,--,SIPI,2023,1222,null,322,200,144,123,134,44,55,true,,20100010136,2,ADM,COSMOS AGENCIA MARITIMA SAC,r,3731,4035
null,PA-65143-AL,a2dc54c6-810a-11f0-82ec-525400a18efc,ebaksflmbdtrkrdkknhr,1,1,2,7,446,39,4,1,319,1,2025-08-12,NAVE0079,null,null,null,null,--,SIPI,2023,1222,null,322,200,144,123,134,44,55,true,,20100010136,2,ADM,COSMOS AGENCIA MARITIMA SAC,r,3730,4034
null,CE-57620-PM,a2911ae0-810a-11f0-82ec-525400a18efc,qcmqrmcrggohdetlqshp,1,1,2,7,446,39,4,1,319,1,2025-08-12,NAVE0080,null,null,null,null,--,SIPI,2023,1222,null,322,200,144,123,134,44,55,true,,20100010136,2,ADM,COSMOS AGENCIA MARITIMA SAC,r,3729,4033
null,PS-37629-DF,a244cfa4-810a-11f0-82ec-525400a18efc,fqknhtliimagtshldpmq,1,1,2,7,446,39,4,1,319,1,2025-08-12,NAVE0081,null,null,null,null,--,SIPI,2023,1222,null,322,200,144,123,134,44,55,true,,20100010136,2,ADM,COSMOS AGENCIA MARITIMA SAC,r,3728,4032
null,CO-52580-CM,a1faf568-810a-11f0-82ec-525400a18efc,fccqfkminficnaakdtcj,1,1,2,7,446,39,4,1,319,1,2025-08-12,NAVE0082,null,null,null,null,--,SIPI,2023,1222,null,322,200,144,123,134,44,55,true,,20100010136,2,ADM,COSMOS AGENCIA MARITIMA SAC,r,3727,4031
null,TA-88160-EL,a1ae834a-810a-11f0-82ec-525400a18efc,encnlfhfagennhrfpqfq,1,1,2,7,446,39,4,1,319,1,2025-08-12,NAVE0083,null,null,null,null,--,SIPI,2023,1222,null,322,200,144,123,134,44,55,true,,20100010136,2,ADM,COSMOS AGENCIA MARITIMA SAC,r,3726,4030
null,ZS-27381-SM,a15e6764-810a-11f0-82ec-525400a18efc,hrkhjmdpglsfhrbtmsob,1,1,2,7,446,39,4,1,319,1,2025-08-12,NAVE0084,null,null,null,null,--,SIPI,2023,1222,null,322,200,144,123,134,44,55,true,,20100010136,2,ADM,COSMOS AGENCIA MARITIMA SAC,r,3725,4029
null,PL-12434-EM,a116afee-810a-11f0-82ec-525400a18efc,roljaijoachhetbmkcod,1,1,2,7,446,39,4,1,319,1,2025-08-12,NAVE0085,null,null,null,null,--,SIPI,2023,1222,null,322,200,144,123,134,44,55,true,,20100010136,2,ADM,COSMOS AGENCIA MARITIMA SAC,r,3724,4028
null,IQ-51571-DM,a0c92c18-810a-11f0-82ec-525400a18efc,csheoheaeqcgpilddcda,1,1,2,7,446,39,4,1,319,1,2025-08-12,NAVE0086,null,null,null,null,--,SIPI,2023,1222,null,322,200,144,123,134,44,55,true,,20100010136,2,ADM,COSMOS AGENCIA MARITIMA SAC,r,3723,4027
null,YU-43914-DF,a07a6fc2-810a-11f0-82ec-525400a18efc,bmlcrmbderhqhlttjhnb,1,1,2,7,446,39,4,1,319,1,2025-08-12,NAVE0087,null,null,null,null,--,SIPI,2023,1222,null,322,200,144,123,134,44,55,true,,20100010136,2,ADM,COSMOS AGENCIA MARITIMA SAC,r,3722,4026
null,CE-86436-EF,a02d621c-810a-11f0-82ec-525400a18efc,nbarlqoegprpomcfpqms,1,1,2,7,446,39,4,1,319,1,2025-08-12,NAVE0088,null,null,null,null,--,SIPI,2023,1222,null,322,200,144,123,134,44,55,true,,20100010136,2,ADM,COSMOS AGENCIA MARITIMA SAC,r,3721,4025
null,IO-72729-BL,9fe0efb6-810a-11f0-82ec-525400a18efc,asbimhcsmmgkonljtrso,1,1,2,7,446,39,4,1,319,1,2025-08-12,NAVE0089,null,null,null,null,--,SIPI,2023,1222,null,322,200,144,123,134,44,55,true,,20100010136,2,ADM,COSMOS AGENCIA MARITIMA SAC,r,3720,4024
null,IQ-42797-CM,9f9f79d0-810a-11f0-82ec-525400a18efc,kspfpgtbptoechinmgal,1,1,2,7,446,39,4,1,319,1,2025-08-12,NAVE0090,null,null,null,null,--,SIPI,2023,1222,null,322,200,144,123,134,44,55,true,,20100010136,2,ADM,COSMOS AGENCIA MARITIMA SAC,r,3719,4023
null,HO-89715-EF,9f48a72a-810a-11f0-82ec-525400a18efc,rhlrtsncmhohhgaoqaih,1,1,2,7,446,39,4,1,319,1,2025-08-12,NAVE0091,null,null,null,null,--,SIPI,2023,1222,null,322,200,144,123,134,44,55,true,,20100010136,2,ADM,COSMOS AGENCIA MARITIMA SAC,r,3718,4022
null,CE-20224-AM,9eff9024-810a-11f0-82ec-525400a18efc,riedkmopgqdetjfeblka,1,1,2,7,446,39,4,1,319,1,2025-08-12,NAVE0092,null,null,null,null,--,SIPI,2023,1222,null,322,200,144,123,134,44,55,true,,20100010136,2,ADM,COSMOS AGENCIA MARITIMA SAC,r,3717,4021
null,PL-46095-DF,9eb2335e-810a-11f0-82ec-525400a18efc,mafbjfooinilentjjqde,1,1,2,7,446,39,4,1,319,1,2025-08-12,NAVE0093,null,null,null,null,--,SIPI,2023,1222,null,322,200,144,123,134,44,55,true,,20100010136,2,ADM,COSMOS AGENCIA MARITIMA SAC,r,3716,4020
null,HO-07989-CM,9e64613a-810a-11f0-82ec-525400a18efc,idpcmmjkkmmddsgikdga,1,1,2,7,446,39,4,1,319,1,2025-08-12,NAVE0094,null,null,null,null,--,SIPI,2023,1222,null,322,200,144,123,134,44,55,true,,20100010136,2,ADM,COSMOS AGENCIA MARITIMA SAC,r,3715,4019
null,PS-31304-CM,9e17048e-810a-11f0-82ec-525400a18efc,epfakrknkmhkbndssfim,1,1,2,7,446,39,4,1,319,1,2025-08-12,NAVE0095,null,null,null,null,--,SIPI,2023,1222,null,322,200,144,123,134,44,55,true,,20100010136,2,ADM,COSMOS AGENCIA MARITIMA SAC,r,3714,4018
null,CY-52252-AL,9dcc6702-810a-11f0-82ec-525400a18efc,crfqijqsskgrkkkqjhdj,1,1,2,7,446,39,4,1,319,1,2025-08-12,NAVE0096,null,null,null,null,--,SIPI,2023,1222,null,322,200,144,123,134,44,55,true,,20100010136,2,ADM,COSMOS AGENCIA MARITIMA SAC,r,3713,4017
null,CE-94778-DM,9d8154a2-810a-11f0-82ec-525400a18efc,kcflacjqgojdtkmgmdja,1,1,2,7,446,39,4,1,319,1,2025-08-12,NAVE0097,null,null,null,null,--,SIPI,2023,1222,null,322,200,144,123,134,44,55,true,,20100010136,2,ADM,COSMOS AGENCIA MARITIMA SAC,r,3712,4016
null,SN-71179-AL,9d32984c-810a-11f0-82ec-525400a18efc,gopgfmegnkthgdfhdter,1,1,2,7,446,39,4,1,319,1,2025-08-12,NAVE0098,null,null,null,null,--,SIPI,2023,1222,null,322,200,144,123,134,44,55,true,,20100010136,2,ADM,COSMOS AGENCIA MARITIMA SAC,r,3711,4015
null,PL-82875-MF,9ce86fd6-810a-11f0-82ec-525400a18efc,iklcdsfdecqrjfobrdgc,1,1,2,7,446,39,4,1,319,1,2025-08-12,NAVE0099,null,null,null,null,--,SIPI,2023,1222,null,322,200,144,123,134,44,55,true,,20100010136,2,ADM,COSMOS AGENCIA MARITIMA SAC,r,3710,4014
null,PU-93758-EM,9c9b3a20-810a-11f0-82ec-525400a18efc,hntanmnnjnbaqkbpofeg,1,1,2,7,446,39,4,1,319,1,2025-08-12,NAVE0100,null,null,null,null,--,SIPI,2023,1222,null,322,200,144,123,134,44,55,true,,20100010136,2,ADM,COSMOS AGENCIA MARITIMA SAC,r,3709,4013
null,SE-98357-BF,9c4f63fa-810a-11f0-82ec-525400a18efc,heccrcqdothehlmngbci,1,1,2,7,446,39,4,1,319,1,2025-08-12,NAVE0101,null,null,null,null,--,SIPI,2023,1222,null,322,200,144,123,134,44,55,true,,20100010136,2,ADM,COSMOS AGENCIA MARITIMA SAC,r,3708,4012
null,SY-53559-DM,9c027c64-810a-11f0-82ec-525400a18efc,ilqljdkbigmdormkedfj,1,1,2,7,446,39,4,1,319,1,2025-08-12,NAVE0102,null,null,null,null,--,SIPI,2023,1222,null,322,200,144,123,134,44,55,true,,20100010136,2,ADM,COSMOS AGENCIA MARITIMA SAC,r,3707,4011
null,HO-56091-AF,9bb4d17e-810a-11f0-82ec-525400a18efc,jjhftpmfeqkeammlfrne,1,1,2,7,446,39,4,1,319,1,2025-08-12,NAVE0103,null,null,null,null,--,SIPI,2023,1222,null,322,200,144,123,134,44,55,true,,20100010136,2,ADM,COSMOS AGENCIA MARITIMA SAC,r,3706,4010
null,HO-97005-CM,9b692268-810a-11f0-82ec-525400a18efc,qidkhithjlnhtlhfirdh,1,1,2,7,446,39,4,1,319,1,2025-08-12,NAVE0104,null,null,null,null,--,SIPI,2023,1222,null,322,200,144,123,134,44,55,true,,20100010136,2,ADM,COSMOS AGENCIA MARITIMA SAC,r,3705,4009
null,CY-97423-MM,9b1cb102-810a-11f0-82ec-525400a18efc,iombipnshajmnlnmsmqg,1,1,2,7,446,39,4,1,319,1,2025-08-12,NAVE0105,null,null,null,null,--,SIPI,2023,1222,null,322,200,144,123,134,44,55,true,,20100010136,2,ADM,COSMOS AGENCIA MARITIMA SAC,r,3704,4008
null,MO-53839-CM,9ad1771c-810a-11f0-82ec-525400a18efc,kbaffkhmonjciqidcdcs,1,1,2,7,446,39,4,1,319,1,2025-08-12,NAVE0106,null,null,null,null,--,SIPI,2023,1222,null,322,200,144,123,134,44,55,true,,20100010136,2,ADM,COSMOS AGENCIA MARITIMA SAC,r,3703,4007
null,IQ-63389-BM,9a866446-810a-11f0-82ec-525400a18efc,ahkiciaogpbaqmgmdlrd,1,1,2,7,446,39,4,1,319,1,2025-08-12,NAVE0107,null,null,null,null,--,SIPI,2023,1222,null,322,200,144,123,134,44,55,true,,20100010136,2,ADM,COSMOS AGENCIA MARITIMA SAC,r,3702,4006
null,CY-59863-CM,9a3e8564-810a-11f0-82ec-525400a18efc,foejjthhoiealeiraard,1,1,2,7,446,39,4,1,319,1,2025-08-12,NAVE0108,null,null,null,null,--,SIPI,2023,1222,null,322,200,144,123,134,44,55,true,,20100010136,2,ADM,COSMOS AGENCIA MARITIMA SAC,r,3701,4005
null,SN-39041-CM,99ece2ca-810a-11f0-82ec-525400a18efc,jbcreebmhhrtgongshao,1,1,2,7,446,39,4,1,319,1,2025-08-12,NAVE0109,null,null,null,null,--,SIPI,2023,1222,null,322,200,144,123,134,44,55,true,,20100010136,2,ADM,COSMOS AGENCIA MARITIMA SAC,r,3700,4004
null,CY-51292-AM,99a3f2ee-810a-11f0-82ec-525400a18efc,ebgncdrtnttltajldgsm,1,1,2,7,446,39,4,1,319,1,2025-08-12,NAVE0110,null,null,null,null,--,SIPI,2023,1222,null,322,200,144,123,134,44,55,true,,20100010136,2,ADM,COSMOS AGENCIA MARITIMA SAC,r,3699,4003
null,PL-68254-MF,99581d9a-810a-11f0-82ec-525400a18efc,mkammtffbthfigojgaai,1,1,2,7,446,39,4,1,319,1,2025-08-12,NAVE0111,null,null,null,null,--,SIPI,2023,1222,null,322,200,144,123,134,44,55,true,,20100010136,2,ADM,COSMOS AGENCIA MARITIMA SAC,r,3698,4002
null,PT-17253-BM,990605e4-810a-11f0-82ec-525400a18efc,sbphqardmrrbfloedken,1,1,2,7,446,39,4,1,319,1,2025-08-12,NAVE0112,null,null,null,null,--,SIPI,2023,1222,null,322,200,144,123,134,44,55,true,,20100010136,2,ADM,COSMOS AGENCIA MARITIMA SAC,r,3697,4001
null,CY-85829-EL,98bdd93e-810a-11f0-82ec-525400a18efc,nlpeqhqsnrohgdqrkbep,1,1,2,7,446,39,4,1,319,1,2025-08-12,NAVE0113,null,null,null,null,--,SIPI,2023,1222,null,322,200,144,123,134,44,55,true,,20100010136,2,ADM,COSMOS AGENCIA MARITIMA SAC,r,3696,4000
null,PA-39924-EM,986dbd58-810a-11f0-82ec-525400a18efc,ektnbkoedgtdbcngnioc,1,1,2,7,446,39,4,1,319,1,2025-08-12,NAVE0114,null,null,null,null,--,SIPI,2023,1222,null,322,200,144,123,134,44,55,true,,20100010136,2,ADM,COSMOS AGENCIA MARITIMA SAC,r,3695,3999
null,SN-72099-DM,98223552-810a-11f0-82ec-525400a18efc,qrhfrpfeoabkhfbbdlhh,1,1,2,7,446,39,4,1,319,1,2025-08-12,NAVE0115,null,null,null,null,--,SIPI,2023,1222,null,322,200,144,123,134,44,55,true,,20100010136,2,ADM,COSMOS AGENCIA MARITIMA SAC,r,3694,3998
null,IQ-26845-ML,97d6381c-810a-11f0-82ec-525400a18efc,crsanofnpailrqiictcs,1,1,2,7,446,39,4,1,319,1,2025-08-12,NAVE0116,null,null,null,null,--,SIPI,2023,1222,null,322,200,144,123,134,44,55,true,,20100010136,2,ADM,COSMOS AGENCIA MARITIMA SAC,r,3693,3997
null,SN-90584-SM,978c36b6-810a-11f0-82ec-525400a18efc,oqeicsdanbrktedffmnp,1,1,2,7,446,39,4,1,319,1,2025-08-12,NAVE0117,null,null,null,null,--,SIPI,2023,1222,null,322,200,144,123,134,44,55,true,,20100010136,2,ADM,COSMOS AGENCIA MARITIMA SAC,r,3692,3996
null,SN-29419-SM,973e64c0-810a-11f0-82ec-525400a18efc,ctkimifqqltdqktfaeql,1,1,2,7,446,39,4,1,319,1,2025-08-12,NAVE0118,null,null,null,null,--,SIPI,2023,1222,null,322,200,144,123,134,44,55,true,,20100010136,2,ADM,COSMOS AGENCIA MARITIMA SAC,r,3691,3995
null,PT-15752-BF,96f044aa-810a-11f0-82ec-525400a18efc,nmrtnroqhbgqijfrgdbn,1,1,2,7,446,39,4,1,319,1,2025-08-12,NAVE0119,null,null,null,null,--,SIPI,2023,1222,null,322,200,144,123,134,44,55,true,,20100010136,2,ADM,COSMOS AGENCIA MARITIMA SAC,r,3690,3994
null,ZS-82613-AF,96aab014-810a-11f0-82ec-525400a18efc,retcpasarajafaecqdgb,1,1,2,7,446,39,4,1,319,1,2025-08-12,NAVE0120,null,null,null,null,--,SIPI,2023,1222,null,322,200,144,123,134,44,55,true,,20100010136,2,ADM,COSMOS AGENCIA MARITIMA SAC,r,3689,3993
null,CO-63511-PM,965d7a5e-810a-11f0-82ec-525400a18efc,srfmjpnjpreajibgfqaj,1,1,2,7,446,39,4,1,319,1,2025-08-12,NAVE0121,null,null,null,null,--,SIPI,2023,1222,null,322,200,144,123,134,44,55,true,,20100010136,2,ADM,COSMOS AGENCIA MARITIMA SAC,r,3688,3992
null,CO-47638-BM,960fcfc0-810a-11f0-82ec-525400a18efc,sstrgdrjsgsmqknobtpt,1,1,2,7,446,39,4,1,319,1,2025-08-12,NAVE0122,null,null,null,null,--,SIPI,2023,1222,null,322,200,144,123,134,44,55,true,,20100010136,2,ADM,COSMOS AGENCIA MARITIMA SAC,r,3687,3991
null,PT-48291-EM,95c29a52-810a-11f0-82ec-525400a18efc,npkpetrbbolfqthlceao,1,1,2,7,446,39,4,1,319,1,2025-08-12,NAVE0123,null,null,null,null,--,SIPI,2023,1222,null,322,200,144,123,134,44,55,true,,20100010136,2,ADM,COSMOS AGENCIA MARITIMA SAC,r,3686,3990
null,CY-84488-EL,95740554-810a-11f0-82ec-525400a18efc,oqrrieemhnbncgpitmnt,1,1,2,7,446,39,4,1,319,1,2025-08-12,NAVE0124,null,null,null,null,--,SIPI,2023,1222,null,322,200,144,123,134,44,55,true,,20100010136,2,ADM,COSMOS AGENCIA MARITIMA SAC,r,3685,3989
null,CE-27802-AM,952ac73e-810a-11f0-82ec-525400a18efc,chjtiisrrqfphimlgcoj,1,1,2,7,446,39,4,1,319,1,2025-08-12,NAVE0125,null,null,null,null,--,SIPI,2023,1222,null,322,200,144,123,134,44,55,true,,20100010136,2,ADM,COSMOS AGENCIA MARITIMA SAC,r,3684,3988
null,MO-39650-ML,94dc8018-810a-11f0-82ec-525400a18efc,ooonaiifcegtecpjtqom,1,1,2,7,446,39,4,1,319,1,2025-08-12,NAVE0126,null,null,null,null,--,SIPI,2023,1222,null,322,200,144,123,134,44,55,true,,20100010136,2,ADM,COSMOS AGENCIA MARITIMA SAC,r,3683,3987
null,CO-07125-BF,94916d42-810a-11f0-82ec-525400a18efc,ddbqqdbtkkdfigbtbrip,1,1,2,7,446,39,4,1,319,1,2025-08-12,NAVE0127,null,null,null,null,--,SIPI,2023,1222,null,322,200,144,123,134,44,55,true,,20100010136,2,ADM,COSMOS AGENCIA MARITIMA SAC,r,3682,3986
null,PT-11583-DF,9446817c-810a-11f0-82ec-525400a18efc,cedamqjhfqtnsbirndjo,1,1,2,7,446,39,4,1,319,1,2025-08-12,NAVE0128,null,null,null,null,--,SIPI,2023,1222,null,322,200,144,123,134,44,55,true,,20100010136,2,ADM,COSMOS AGENCIA MARITIMA SAC,r,3681,3985
null,YU-11237-MF,93f924b6-810a-11f0-82ec-525400a18efc,eobjetmqdfhrhshgksag,1,1,2,7,446,39,4,1,319,1,2025-08-12,NAVE0129,null,null,null,null,--,SIPI,2023,1222,null,322,200,144,123,134,44,55,true,,20100010136,2,ADM,COSMOS AGENCIA MARITIMA SAC,r,3680,3984
null,CE-12034-AM,93ab04a0-810a-11f0-82ec-525400a18efc,klnkjpqjjghtfrfirfkg,1,1,2,7,446,39,4,1,319,1,2025-08-12,NAVE0130,null,null,null,null,--,SIPI,2023,1222,null,322,200,144,123,134,44,55,true,,20100010136,2,ADM,COSMOS AGENCIA MARITIMA SAC,r,3679,3983
null,ZS-46074-AM,935da7da-810a-11f0-82ec-525400a18efc,hmtfblagirmeijtcqhrd,1,1,2,7,446,39,4,1,319,1,2025-08-12,NAVE0131,null,null,null,null,--,SIPI,2023,1222,null,322,200,144,123,134,44,55,true,,20100010136,2,ADM,COSMOS AGENCIA MARITIMA SAC,r,3678,3982
null,CY-88633-SM,93141ca4-810a-11f0-82ec-525400a18efc,btkhgsjqtifgcfablang,1,1,2,7,446,39,4,1,319,1,2025-08-12,NAVE0132,null,null,null,null,--,SIPI,2023,1222,null,322,200,144,123,134,44,55,true,,20100010136,2,ADM,COSMOS AGENCIA MARITIMA SAC,r,3677,3981
null,CY-24635-MM,92c9cd1e-810a-11f0-82ec-525400a18efc,cqpfgptrgkkfkheafihd,1,1,2,7,446,39,4,1,319,1,2025-08-12,NAVE0133,null,null,null,null,--,SIPI,2023,1222,null,322,200,144,123,134,44,55,true,,20100010136,2,ADM,COSMOS AGENCIA MARITIMA SAC,r,3676,3980
null,TA-30416-BM,927b10c8-810a-11f0-82ec-525400a18efc,mscdomksqlmtqtjjcpam,1,1,2,7,446,39,4,1,319,1,2025-08-12,NAVE0134,null,null,null,null,--,SIPI,2023,1222,null,322,200,144,123,134,44,55,true,,20100010136,2,ADM,COSMOS AGENCIA MARITIMA SAC,r,3675,3979
null,PL-20433-DL,922ca292-810a-11f0-82ec-525400a18efc,bnjglaqbbomdjrtddpqp,1,1,2,7,446,39,4,1,319,1,2025-08-12,NAVE0135,null,null,null,null,--,SIPI,2023,1222,null,322,200,144,123,134,44,55,true,,20100010136,2,ADM,COSMOS AGENCIA MARITIMA SAC,r,3674,3978
null,PS-82477-SM,91e1b642-810a-11f0-82ec-525400a18efc,knigklsfbjpmtjthianq,1,1,2,7,446,39,4,1,319,1,2025-08-12,NAVE0136,null,null,null,null,--,SIPI,2023,1222,null,322,200,144,123,134,44,55,true,,20100010136,2,ADM,COSMOS AGENCIA MARITIMA SAC,r,3673,3977
null,PS-57267-SM,91978e14-810a-11f0-82ec-525400a18efc,bsikccnqqripmmqlpcne,1,1,2,7,446,39,4,1,319,1,2025-08-12,NAVE0137,null,null,null,null,--,SIPI,2023,1222,null,322,200,144,123,134,44,55,true,,20100010136,2,ADM,COSMOS AGENCIA MARITIMA SAC,r,3672,3976
null,SE-95418-PM,914b90de-810a-11f0-82ec-525400a18efc,cpmrgpnlgabgaooiodkp,1,1,2,7,446,39,4,1,319,1,2025-08-12,NAVE0138,null,null,null,null,--,SIPI,2023,1222,null,322,200,144,123,134,44,55,true,,20100010136,2,ADM,COSMOS AGENCIA MARITIMA SAC,r,3671,3975
null,MO-62613-PM,90fe8238-810a-11f0-82ec-525400a18efc,almifarppirpfborfmtm,1,1,2,7,446,39,4,1,319,1,2025-08-12,NAVE0139,null,null,null,null,--,SIPI,2023,1222,null,322,200,144,123,134,44,55,true,,20100010136,2,ADM,COSMOS AGENCIA MARITIMA SAC,r,3670,3974
null,PM-05860-EL,90b03b12-810a-11f0-82ec-525400a18efc,dnsrehejbbebdgrrrlfi,1,1,2,7,446,39,4,1,319,1,2025-08-12,NAVE0140,null,null,null,null,--,SIPI,2023,1222,null,322,200,144,123,134,44,55,true,,20100010136,2,ADM,COSMOS AGENCIA MARITIMA SAC,r,3669,3973
null,CE-55326-CM,90648cfc-810a-11f0-82ec-525400a18efc,amcbsjtbfgojgsjpnipb,1,1,2,7,446,39,4,1,319,1,2025-08-12,NAVE0141,null,null,null,null,--,SIPI,2023,1222,null,322,200,144,123,134,44,55,true,,20100010136,2,ADM,COSMOS AGENCIA MARITIMA SAC,r,3668,3972
null,PL-46887-EM,901e8336-810a-11f0-82ec-525400a18efc,fjlilbkohsetrrcommsc,1,1,2,7,446,39,4,1,319,1,2025-08-12,NAVE0142,null,null,null,null,--,SIPI,2023,1222,null,322,200,144,123,134,44,55,true,,20100010136,2,ADM,COSMOS AGENCIA MARITIMA SAC,r,3667,3971
null,PS-55325-CM,8fcb5a10-810a-11f0-82ec-525400a18efc,fdsljlflsmkkprghrdhs,1,1,2,7,446,39,4,1,319,1,2025-08-12,NAVE0143,null,null,null,null,--,SIPI,2023,1222,null,322,200,144,123,134,44,55,true,,20100010136,2,ADM,COSMOS AGENCIA MARITIMA SAC,r,3666,3970
null,YU-07850-DF,8f7fd20a-810a-11f0-82ec-525400a18efc,codtnrjblkhcjqbmnfcm,1,1,2,7,446,39,4,1,319,1,2025-08-12,NAVE0144,null,null,null,null,--,SIPI,2023,1222,null,322,200,144,123,134,44,55,true,,20100010136,2,ADM,COSMOS AGENCIA MARITIMA SAC,r,3665,3969
null,YU-74903-DL,8f3693f4-810a-11f0-82ec-525400a18efc,eblhghcnjanteotepmqo,1,1,2,7,446,39,4,1,319,1,2025-08-12,NAVE0145,null,null,null,null,--,SIPI,2023,1222,null,322,200,144,123,134,44,55,true,,20100010136,2,ADM,COSMOS AGENCIA MARITIMA SAC,r,3664,3968
null,CO-94947-DM,8eea489e-810a-11f0-82ec-525400a18efc,bqptfiojqgoktgtrgcat,1,1,2,7,446,39,4,1,319,1,2025-08-12,NAVE0146,null,null,null,null,--,SIPI,2023,1222,null,322,200,144,123,134,44,55,true,,20100010136,2,ADM,COSMOS AGENCIA MARITIMA SAC,r,3663,3967
null,IQ-35602-DF,8e9e7278-810a-11f0-82ec-525400a18efc,ddrtpshojddolrdrdorc,1,1,2,7,446,39,4,1,319,1,2025-08-12,NAVE0147,null,null,null,null,--,SIPI,2023,1222,null,322,200,144,123,134,44,55,true,,20100010136,2,ADM,COSMOS AGENCIA MARITIMA SAC,r,3662,3966
null,SN-98166-SM,8e507972-810a-11f0-82ec-525400a18efc,ihhthhlrinikqmdcnbll,1,1,2,7,446,39,4,1,319,1,2025-08-12,NAVE0148,null,null,null,null,--,SIPI,2023,1222,null,322,200,144,123,134,44,55,true,,20100010136,2,ADM,COSMOS AGENCIA MARITIMA SAC,r,3661,3965
null,CE-85744-AF,8e0b810e-810a-11f0-82ec-525400a18efc,deibolkltsqcoahaskbb,1,1,2,7,446,39,4,1,319,1,2025-08-12,NAVE0149,null,null,null,null,--,SIPI,2023,1222,null,322,200,144,123,134,44,55,true,,20100010136,2,ADM,COSMOS AGENCIA MARITIMA SAC,r,3660,3964
null,CE-40182-MF,8e0b59f6-810a-11f0-82ec-525400a18efc,lnhgpkrpcoitnghomadb,1,1,2,7,446,39,4,1,319,1,2025-08-12,NAVE0150,null,null,null,null,--,SIPI,2023,1222,null,322,200,144,123,134,44,55,true,,20100010136,2,ADM,COSMOS AGENCIA MARITIMA SAC,r,3659,3963
