Label;# Samples;Average;Min;Max;Std. Dev.;Error %;Throughput;Received KB/sec;Sent KB/sec;Avg. Bytes
test/pass-through-https-cert/autenticacion2/authentication-api/1.0/usuario/usuario-dni-tercero?numeroDocumentoSecundario=&tipoDocumentoSecundario=2&numeroAutenticado=20506601330&idpLogin=AUTHSUNAT&usuarioSol=DCC25301&componente=MR-825;150;552;0;1002;262.49;0.00%;89.92806;114.78;70.08;1307
test/pass-through-https-cert/autenticacion2/authentication-common-api/1.0/interopera/reniec?aplicacion=AUTH2&dni=40038284&cacheable=true-826;150;739;0;1853;389.49;0.00%;45.44078;53.69;35.1;1210
test/pass-through-https-cert/autenticacion2/authentication-api/1.0/usuario/usuario-dni-tercero-828;150;1455;0;3084;703;0.00%;28.95194;21.49;24.82;760
test/pass-through-https-cert/autenticacion2/authentication-common-api/1.0/interopera/reniec-827;150;6281;0;11595;2012.11;87.33%;9.77326;8.01;8.45;839.6
test/pass-through-https-cert/autenticacion2/authentication-api/1.0/cuenta-vuce/existe?tipoDocumento=1&numeroDocumento=20506601330-829;150;1009;0;2145;589.27;0.00%;11.69408;15.17;10.35;1328
test/pass-through-https-cert/autenticacion2/authentication-api/1.0/cuenta-vuce/existe-830;150;1195;0;2845;624.91;0.00%;11.18902;7.69;9.79;704
test/pass-through-https-cert/autenticacion2/authentication-api/1.0/usuario/data-min-legacy?idp=AUTHSUNAT&usuario=DCC25301&tipoDocumento=1&numeroDocumento=20506601330-831;150;1147;0;2204;567.34;0.00%;10.72424;13.91;9.87;1328
test/pass-through-https-cert/autenticacion2/authentication-api/1.0/usuario/data-min-legacy-832;150;1207;0;2398;505.56;0.00%;9.98403;14.1;9.09;1446
test/pass-through-https-cert/autenticacion2/authentication-parametry-api/1.0/parametro/unico?codigo=TIEMPOCODVAL-836;150;1136;0;2128;492.05;0.00%;9.30348;11.94;8.08;1314
test/pass-through-https-cert/autenticacion2/authentication-parametry-api/1.0/parametro/unico?codigo=TIEMPOCODVAL-834;150;1071;0;1978;433.47;0.00%;8.72296;11.19;7.57;1314
test/pass-through-https-cert/autenticacion2/authentication-parametry-api/1.0/catalogo/pais-835;150;1092;0;1987;404.01;0.00%;8.18956;10.51;6.93;1314
test/autenticacion2/authentication-ui/assets/svg/icons/info.svg-837;150;89;0;130;9.97;0.00%;8.19493;20.36;4.64;2544
test/pass-through-https-cert/autenticacion2/authentication-parametry-api/1.0/parametro/unico-838;150;1427;0;3829;634.15;0.00%;6.99594;4.78;6.01;699
test/pass-through-https-cert/autenticacion2/authentication-parametry-api/1.0/parametro/unico-839;150;1539;0;3203;645.4;0.67%;7.034;4.18;6.5;608.4
test/pass-through-https-cert/autenticacion2/authentication-parametry-api/1.0/catalogo/pais-840;150;1609;0;3288;641.75;4.67%;7.15069;66.39;6.45;9507.8
test/pass-through-https-cert/autenticacion2/authentication-api/1.0/usuario/data-min-legacy-833;150;831;0;2518;493.29;63.33%;7.05584;10.52;6.88;1526.4
test/pass-through-https-cert/autenticacion2/authentication-parametry-api/1.0/catalogo/ubigeo-841;150;727;0;2357;453.24;0.00%;7.26779;9.8;6.64;1381
test/pass-through-https-cert/autenticacion2/authentication-parametry-api/1.0/catalogo/ubigeo-842;150;3215;0;9540;2515.15;31.33%;6.99659;875.76;6.33;128173.3
test/autenticacion2/authentication-ui/assets/json/country-codes.json-843;150;190;0;3089;414.93;0.00%;10.20131;385.35;6.93;38681
test/autenticacion2/authentication-ui/assets/svg/countries/ao.svg-847;150;125;0;3042;350.66;0.00%;10.22913;25.48;6.56;2550.9
test/autenticacion2/authentication-ui/assets/svg/countries/de.svg-848;150;162;0;3046;521.9;0.00%;9.94102;4.57;6.38;471
test/autenticacion2/authentication-ui/assets/svg/countries/al.svg-846;150;234;0;4081;672.36;0.00%;8.2309;72.04;5.28;8962
test/autenticacion2/authentication-ui/assets/svg/countries/ad.svg-849;150;274;0;5184;687.13;0.00%;8.11469;383.69;5.21;48418
test/autenticacion2/authentication-ui/assets/svg/countries/af.svg-845;150;507;0;6326;968.36;0.00%;7.96855;1482.94;5.11;190565
test/autenticacion2/authentication-ui/assets/svg/countries/aq.svg-851;150;95;0;3048;313.07;0.00%;7.00313;35.67;4.49;5215
test/autenticacion2/authentication-ui/assets/svg/countries/ai.svg-850;150;168;0;3115;495.83;0.00%;7.00182;26.01;4.49;3804
test/autenticacion2/authentication-ui/assets/svg/countries/ag.svg-852;150;152;0;3051;432.84;0.00%;6.95507;6.03;4.46;888
test/autenticacion2/authentication-ui/assets/svg/countries/sa.svg-853;150;325;0;4102;688.05;0.00%;6.95024;142.6;4.46;21009
test/autenticacion2/authentication-ui/assets/svg/countries/pe.svg-844;150;591;0;6351;1208.51;0.00%;5.80069;663.72;3.72;117167
test/autenticacion2/authentication-ui/assets/svg/countries/dz.svg-854;150;118;0;1051;282.42;0.00%;5.80136;3.44;3.72;607
test/autenticacion2/authentication-ui/assets/svg/countries/am.svg-856;150;102;0;1038;262.23;0.00%;5.77478;2.76;3.71;489
test/autenticacion2/authentication-ui/assets/svg/countries/aw.svg-857;150;149;0;3061;477.97;0.00%;5.77478;3.67;3.71;651
test/autenticacion2/authentication-ui/assets/svg/countries/ar.svg-855;150;134;0;2097;350.26;0.00%;5.77301;24.25;3.7;4302
test/autenticacion2/authentication-ui/assets/svg/countries/au.svg-858;150;131;0;3049;461.12;0.00%;5.81531;9.34;3.73;1645
test/autenticacion2/authentication-ui/assets/svg/countries/at.svg-859;150;192;0;7047;706.09;0.00%;5.81869;2.55;3.73;448
test/autenticacion2/authentication-ui/assets/svg/countries/az.svg-860;150;183;0;3083;504.3;0.00%;5.81914;4.88;3.73;859
test/autenticacion2/authentication-ui/assets/svg/countries/bd.svg-862;150;144;0;3047;427.11;0.00%;5.81846;2.62;3.73;461
test/autenticacion2/authentication-ui/assets/svg/countries/bh.svg-863;150;137;0;3045;370.51;0.00%;5.81711;3.02;3.73;531.9
test/autenticacion2/authentication-ui/assets/svg/countries/bs.svg-861;150;218;0;3048;525.08;0.00%;5.81283;2.74;3.73;482
test/autenticacion2/authentication-ui/assets/svg/countries/be.svg-865;150;163;0;3044;443.43;0.00%;5.81395;2.74;3.73;482
test/autenticacion2/authentication-ui/assets/svg/countries/bb.svg-864;150;163;0;7047;631.12;0.00%;5.81193;6.46;3.73;1139
test/autenticacion2/authentication-ui/assets/svg/countries/bj.svg-867;150;129;0;3043;361.9;0.00%;5.59681;2.68;3.59;490.9
test/autenticacion2/authentication-ui/assets/svg/countries/by.svg-870;150;191;0;3060;465.43;0.00%;5.59639;9.35;3.59;1710
test/autenticacion2/authentication-ui/assets/svg/countries/bm.svg-868;150;455;0;8201;1123.9;0.00%;5.58285;175.3;3.58;32152.9
test/autenticacion2/authentication-ui/assets/svg/countries/bt.svg-869;150;374;0;7113;892.39;0.00%;5.5418;262.82;3.56;48563.9
test/autenticacion2/authentication-ui/assets/svg/countries/bz.svg-866;150;533;0;4293;893.28;0.00%;5.56318;469.82;3.57;86478.9
test/autenticacion2/authentication-ui/assets/svg/countries/bo.svg-871;150;668;0;7393;1067.39;0.00%;5.55124;1274.55;3.56;235106.9
test/autenticacion2/authentication-ui/assets/svg/countries/ba.svg-872;150;90;0;1049;238.42;0.00%;5.55658;4.55;3.57;838.9
test/autenticacion2/authentication-ui/assets/svg/countries/bw.svg-873;150;90;0;1106;240.19;0.00%;5.55412;2.59;3.56;478
test/autenticacion2/authentication-ui/assets/svg/countries/br.svg-874;150;166;0;3130;532.77;0.00%;5.36653;23.38;3.44;4461.9
test/autenticacion2/authentication-ui/assets/svg/countries/bg.svg-876;150;116;0;3039;348.9;0.00%;5.36615;2.55;3.44;485.9
test/autenticacion2/authentication-ui/assets/svg/countries/bn.svg-875;150;258;0;3110;549.4;0.00%;5.35408;128.33;3.44;24542.9
test/autenticacion2/authentication-ui/assets/svg/countries/bf.svg-877;150;103;0;1106;263.25;0.00%;5.34207;4.62;3.43;885.9
test/autenticacion2/authentication-ui/assets/svg/countries/bi.svg-878;150;224;0;3050;599.17;0.00%;5.33941;6.53;3.43;1252.9
test/autenticacion2/authentication-ui/assets/svg/countries/cv.svg-879;150;185;0;3041;460.97;0.00%;5.33656;6.56;3.42;1257.9
test/autenticacion2/authentication-ui/assets/svg/countries/kh.svg-880;150;311;0;5209;724.01;0.00%;5.33125;70.17;3.42;13477
test/autenticacion2/authentication-ui/assets/svg/countries/cm.svg-881;150;198;0;3050;471.15;0.00%;5.32935;5.02;3.42;965
test/autenticacion2/authentication-ui/assets/svg/countries/ca.svg-882;150;157;0;3045;483.47;0.00%;5.35714;5;3.44;956
test/autenticacion2/authentication-ui/assets/svg/countries/td.svg-883;150;152;0;3046;382.73;0.00%;5.35791;2.56;3.44;488.9
test/autenticacion2/authentication-ui/assets/svg/countries/cn.svg-884;150;159;0;3046;484.66;0.00%;5.16814;4.37;3.32;866
test/autenticacion2/authentication-ui/assets/svg/countries/cl.svg-885;150;125;0;3045;408.93;0.00%;5.166;4.34;3.31;861
test/autenticacion2/authentication-ui/assets/svg/countries/cy.svg-886;150;225;0;4065;581.05;0.00%;5.13277;52.11;3.29;10396
test/autenticacion2/authentication-ui/assets/svg/countries/co.svg-887;150;151;0;3042;433.24;0.00%;5.13189;2.55;3.29;509
test/autenticacion2/authentication-ui/assets/svg/countries/cg.svg-889;150;103;0;1042;261.89;0.00%;4.96245;2.72;3.18;561
test/autenticacion2/authentication-ui/assets/svg/countries/km.svg-888;150;196;0;3044;469.18;0.00%;4.80277;4.81;3.08;1025
test/autenticacion2/authentication-ui/assets/svg/countries/ci.svg-891;150;150;0;3045;432.34;0.00%;4.80184;2.28;3.08;485.9
test/autenticacion2/authentication-ui/assets/svg/countries/kr.svg-890;150;165;0;1061;342.13;0.00%;4.80246;4.16;3.08;886
test/autenticacion2/authentication-ui/assets/svg/countries/cu.svg-894;150;178;0;3034;406.84;0.00%;4.80184;3.09;3.08;658.9
test/autenticacion2/authentication-ui/assets/svg/countries/dk.svg-895;150;214;0;3057;495.94;0.00%;4.6745;2.43;3;533
test/autenticacion2/authentication-ui/assets/svg/countries/cr.svg-892;150;500;0;4215;701.95;0.00%;4.5125;311.68;2.9;70728
test/autenticacion2/authentication-ui/assets/svg/countries/hr.svg-893;150;575;0;5264;974.96;0.00%;4.48632;299.6;2.88;68383
test/autenticacion2/authentication-ui/assets/svg/countries/dm.svg-896;150;176;0;3059;472.24;0.00%;4.35426;46.3;2.79;10888
test/autenticacion2/authentication-ui/assets/svg/countries/ae.svg-900;150;102;0;3039;329.91;0.00%;4.353;2.17;2.79;511
test/autenticacion2/authentication-ui/assets/svg/countries/er.svg-901;150;179;0;3042;441.12;0.00%;4.35148;29.86;2.79;7027
test/autenticacion2/authentication-ui/assets/svg/countries/ec.svg-897;150;897;0;5288;1144.16;0.00%;4.19733;726.88;2.69;177331.9
test/autenticacion2/authentication-ui/assets/svg/countries/eg.svg-899;150;119;0;2131;287.88;0.00%;4.19698;97.32;2.69;23743.9
test/autenticacion2/authentication-ui/assets/svg/countries/sk.svg-902;150;139;0;3041;389.54;0.00%;4.08063;7.99;2.62;2006
test/autenticacion2/authentication-ui/assets/svg/countries/sv.svg-898;150;862;0;6621;1145.72;0.00%;3.94063;931.3;2.53;242003.9
test/autenticacion2/authentication-ui/assets/svg/countries/si.svg-903;150;155;0;2130;389.72;0.00%;3.95486;10.45;2.54;2704.9
test/autenticacion2/authentication-ui/assets/svg/countries/fm.svg-905;150;99;0;1067;250.79;0.00%;3.95413;3.98;2.54;1031.9
test/autenticacion2/authentication-ui/assets/svg/countries/us.svg-906;150;118;0;3046;347.93;0.00%;3.95549;4.16;2.54;1076
test/autenticacion2/authentication-ui/assets/svg/countries/ee.svg-907;150;111;0;3044;338.88;0.00%;3.85248;1.8;2.47;477.9
test/autenticacion2/authentication-ui/assets/svg/countries/es.svg-904;150;419;0;3237;714.73;0.00%;3.84537;189.59;2.47;50487
test/autenticacion2/authentication-ui/assets/svg/countries/et.svg-908;150;84;0;1068;227.84;0.00%;3.84615;3.8;2.47;1012
test/autenticacion2/authentication-ui/assets/svg/countries/mk.svg-909;150;197;0;3110;550.68;0.00%;3.84566;2.53;2.47;675
test/autenticacion2/authentication-ui/assets/svg/countries/ru.svg-910;150;130;0;3032;363.87;0.00%;3.57007;1.69;2.29;485.8
test/autenticacion2/authentication-ui/assets/svg/countries/fi.svg-912;150;152;0;3110;452.11;0.00%;3.57024;1.9;2.29;543.9
test/autenticacion2/authentication-ui/assets/svg/countries/ph.svg-911;150;99;0;3040;324.01;0.00%;3.57373;4.49;2.29;1285.9
test/autenticacion2/authentication-ui/assets/svg/countries/fr.svg-914;150;118;0;1059;284.44;0.00%;3.58792;1.7;2.3;486
test/autenticacion2/authentication-ui/assets/svg/countries/fj.svg-913;150;428;0;3124;685.8;0.00%;3.585;147.43;2.3;42110
test/autenticacion2/authentication-ui/assets/svg/countries/ge.svg-918;150;106;0;1062;262.62;0.00%;3.58149;3.76;2.3;1075.9
test/autenticacion2/authentication-ui/assets/svg/countries/gm.svg-916;150;113;0;3043;337.99;0.00%;3.58141;2.09;2.3;598
test/autenticacion2/authentication-ui/assets/svg/countries/ga.svg-915;150;165;0;3040;396.87;0.00%;3.57867;1.83;2.3;525
test/autenticacion2/authentication-ui/assets/svg/countries/gh.svg-917;150;139;0;1057;311.06;0.00%;3.5779;2.2;2.3;630.9
test/autenticacion2/authentication-ui/assets/svg/countries/gi.svg-919;150;187;0;3073;431.57;0.00%;3.57637;21.66;2.29;6203
test/autenticacion2/authentication-ui/assets/svg/countries/gd.svg-920;150;195;0;3034;422.07;0.00%;3.57543;4.52;2.29;1295
test/autenticacion2/authentication-ui/assets/svg/countries/gl.svg-923;150;98;0;1040;249.9;0.00%;3.57526;1.72;2.29;493.9
test/autenticacion2/authentication-ui/assets/svg/countries/gp.svg-924;150;175;0;3039;404.48;0.00%;3.57304;1.7;2.29;486
test/autenticacion2/authentication-ui/assets/svg/countries/gr.svg-921;150;213;0;3049;556.43;0.00%;3.57058;1.8;2.29;517
test/autenticacion2/authentication-ui/assets/svg/countries/gu.svg-922;150;335;0;4190;663.81;0.00%;3.56964;55.18;2.29;15830
test/autenticacion2/authentication-ui/assets/svg/countries/gf.svg-926;150;139;0;3045;369.38;0.00%;3.56913;1.69;2.29;485.9
test/autenticacion2/authentication-ui/assets/svg/countries/gt.svg-925;150;487;0;4188;698.23;0.00%;3.47947;163.51;2.23;48121
test/autenticacion2/authentication-ui/assets/svg/countries/gn.svg-929;150;119;0;3038;345.56;0.00%;3.47963;1.77;2.23;521
test/autenticacion2/authentication-ui/assets/svg/countries/gw.svg-928;150;92;0;1047;238.63;0.00%;3.47963;3.18;2.23;937
test/autenticacion2/authentication-ui/assets/svg/countries/gg.svg-927;150;104;0;1053;262.13;0.00%;3.4785;2.77;2.23;814
test/autenticacion2/authentication-ui/assets/svg/countries/gq.svg-930;150;225;0;3073;519.18;0.00%;3.32064;27.47;2.13;8472
test/autenticacion2/authentication-ui/assets/svg/countries/gy.svg-931;150;171;0;1105;349.66;0.00%;3.32035;2.19;2.13;673.9
test/autenticacion2/authentication-ui/assets/svg/countries/ht.svg-932;150;688;0;4435;931.66;0.00%;3.20075;294.93;2.05;94355
test/autenticacion2/authentication-ui/assets/svg/countries/hk.svg-935;150;98;0;1052;240.49;0.00%;3.17085;3.91;2.03;1262
test/autenticacion2/authentication-ui/assets/svg/countries/hn.svg-933;150;93;0;1044;238.46;0.00%;3.16971;2.5;2.03;809
test/autenticacion2/authentication-ui/assets/svg/countries/id.svg-937;150;115;0;3041;339.99;0.00%;3.13827;1.36;2.01;444
test/autenticacion2/authentication-ui/assets/svg/countries/hu.svg-934;150;102;0;1046;253;0.00%;3.1054;1.47;1.99;485.9
test/autenticacion2/authentication-ui/assets/svg/countries/in.svg-936;150;192;0;3038;420.18;0.00%;3.11352;3.34;2;1097
test/autenticacion2/authentication-ui/assets/svg/countries/iq.svg-938;150;116;0;1509;287.52;0.00%;3.02078;7.92;1.94;2684
test/autenticacion2/authentication-ui/assets/svg/countries/is.svg-942;150;131;0;1057;302.66;0.00%;3.02127;1.58;1.94;534
test/autenticacion2/authentication-ui/assets/svg/countries/cx.svg-940;150;177;0;3124;425.85;0.00%;3.00192;12.61;1.93;4302
test/autenticacion2/authentication-ui/assets/svg/countries/ie.svg-941;150;139;0;3043;369.65;0.00%;2.98537;1.42;1.92;485.9
test/autenticacion2/authentication-ui/assets/svg/countries/im.svg-943;150;166;0;3043;429.05;0.00%;2.96742;15.83;1.9;5462.9
test/autenticacion2/authentication-ui/assets/svg/countries/nf.svg-939;150;434;0;3150;714.62;0.00%;2.95014;68.92;1.89;23922
test/autenticacion2/authentication-ui/assets/svg/countries/ax.svg-944;150;94;0;1073;231.28;0.00%;2.93123;1.61;1.88;563
test/autenticacion2/authentication-ui/assets/svg/countries/fo.svg-946;150;74;0;1111;192.11;0.00%;2.92278;1.82;1.88;638
test/autenticacion2/authentication-ui/assets/svg/countries/ck.svg-948;150;139;0;1126;299.26;0.00%;2.90192;3.87;1.86;1365.9
test/autenticacion2/authentication-ui/assets/svg/countries/cc.svg-947;150;240;0;3100;507.84;0.00%;2.87654;14.98;1.85;5332.9
test/autenticacion2/authentication-ui/assets/svg/countries/ky.svg-945;150;430;0;4152;707.68;0.00%;2.84781;97.78;1.83;35158
test/autenticacion2/authentication-ui/assets/svg/countries/mh.svg-951;150;117;0;3107;339.39;0.00%;2.82056;2.96;1.81;1075
test/autenticacion2/authentication-ui/assets/svg/countries/sb.svg-952;150;144;0;3039;385.85;0.00%;2.74138;3.21;1.76;1200
test/autenticacion2/authentication-ui/assets/svg/countries/re.svg-953;150;153;0;3088;430.85;0.00%;2.71542;1.29;1.74;485.9
test/autenticacion2/authentication-ui/assets/svg/countries/tc.svg-954;150;285;0;7077;725.78;0.00%;2.63579;17.29;1.69;6715.9
test/autenticacion2/authentication-ui/assets/svg/countries/mp.svg-950;150;1159;0;5667;1238.57;0.00%;2.51324;952.61;1.61;388135
test/autenticacion2/authentication-ui/assets/svg/countries/fk.svg-949;150;309;0;4142;649.76;0.00%;2.46386;249.36;1.58;103635
test/autenticacion2/authentication-ui/assets/svg/countries/il.svg-956;150;118;0;2805;331.73;0.00%;2.44383;1.53;1.57;641
test/autenticacion2/authentication-ui/assets/svg/countries/vg.svg-955;150;162;0;2107;355.93;0.00%;2.42377;35.56;1.56;15024
test/autenticacion2/authentication-ui/assets/svg/countries/vi.svg-957;150;173;0;3090;410.91;0.00%;2.40477;47.78;1.54;20345
test/autenticacion2/authentication-ui/assets/svg/countries/it.svg-958;150;111;0;3044;341.77;0.00%;2.40466;1.14;1.54;486
test/autenticacion2/authentication-ui/assets/svg/countries/ly.svg-959;150;142;0;1688;320.83;0.00%;2.34225;1.75;1.5;764.9
test/autenticacion2/authentication-ui/assets/svg/countries/jm.svg-960;150;158;0;5346;509;0.00%;2.16076;1.18;1.39;559
test/autenticacion2/authentication-ui/assets/svg/countries/je.svg-962;150;179;0;4075;511.65;0.00%;2.14525;13.58;1.38;6482
test/autenticacion2/authentication-ui/assets/svg/countries/jo.svg-963;150;158;0;3341;444.72;0.00%;2.14869;1.93;1.38;919
test/autenticacion2/authentication-ui/assets/svg/countries/jp.svg-961;150;157;0;3043;414.13;0.00%;2.13408;0.99;1.37;477
test/autenticacion2/authentication-ui/assets/svg/countries/ke.svg-965;150;103;0;1511;252.5;0.00%;2.1338;3.38;1.37;1620
test/autenticacion2/authentication-ui/assets/svg/countries/kz.svg-964;150;182;0;3059;430.02;0.00%;2.08409;22.99;1.34;11296.9
test/autenticacion2/authentication-ui/assets/svg/countries/kg.svg-966;150;203;0;2076;384.55;0.00%;2.05418;26.81;1.32;13363
test/autenticacion2/authentication-ui/assets/svg/countries/kw.svg-968;150;150;0;1538;311.73;0.00%;2.04043;1.11;1.31;558
test/autenticacion2/authentication-ui/assets/svg/countries/ki.svg-967;150;273;0;4875;636.96;0.00%;2.04037;8.43;1.31;4229.9
test/autenticacion2/authentication-ui/assets/svg/countries/ls.svg-969;150;181;0;3112;444.58;0.00%;2.02446;4.63;1.3;2344
test/autenticacion2/authentication-ui/assets/svg/countries/lv.svg-970;150;363;0;23034;2022.98;0.00%;2.01461;0.88;1.29;449
test/autenticacion2/authentication-ui/assets/svg/countries/lb.svg-971;150;216;0;3099;435.12;0.00%;2.01461;21.09;1.29;10720
test/autenticacion2/authentication-ui/assets/svg/countries/lr.svg-972;150;220;0;3088;515.22;0.00%;2.01488;2.02;1.29;1026
test/autenticacion2/authentication-ui/assets/svg/countries/lt.svg-974;150;242;0;3820;485.41;0.00%;2.00559;0.96;1.29;489
test/autenticacion2/authentication-ui/assets/svg/countries/lu.svg-975;150;212;0;3045;432.09;0.00%;1.99179;0.95;1.28;490
test/autenticacion2/authentication-ui/assets/svg/countries/li.svg-973;150;422;0;3522;686.74;0.00%;1.98549;46.2;1.27;23825
test/autenticacion2/authentication-ui/assets/svg/countries/my.svg-977;150;139;0;1518;285.47;0.00%;1.97694;1.76;1.27;913
test/autenticacion2/authentication-ui/assets/svg/countries/mg.svg-978;150;188;0;3043;397.2;0.00%;1.97371;0.94;1.27;485.9
test/autenticacion2/authentication-ui/assets/svg/countries/mo.svg-976;150;234;0;2110;446.02;0.00%;1.96482;5.03;1.26;2622
test/autenticacion2/authentication-ui/assets/svg/countries/mw.svg-979;150;213;0;3042;455.69;0.00%;1.96122;2.2;1.26;1151
test/autenticacion2/authentication-ui/assets/svg/countries/ml.svg-981;150;189;0;3836;426.06;0.00%;1.95379;1;1.25;524.9
test/autenticacion2/authentication-ui/assets/svg/countries/mv.svg-980;150;205;0;3039;412.72;0.00%;1.95351;1.06;1.25;556
test/autenticacion2/authentication-ui/assets/svg/countries/mq.svg-983;150;160;0;1090;296.56;0.00%;1.94998;0.93;1.25;485.9
test/autenticacion2/authentication-ui/assets/svg/countries/ma.svg-984;150;194;0;4467;463.08;0.00%;1.93673;0.99;1.24;524
test/autenticacion2/authentication-ui/assets/svg/countries/mt.svg-982;150;424;0;5881;865.38;0.00%;1.92359;28.65;1.23;15253.9
test/autenticacion2/authentication-ui/assets/svg/countries/mu.svg-985;150;167;0;2012;325.78;0.00%;1.91178;0.98;1.23;526.9
test/autenticacion2/authentication-ui/assets/svg/countries/yt.svg-987;150;178;0;1512;325.79;0.00%;1.9117;0.91;1.23;485.9
test/autenticacion2/authentication-ui/assets/svg/countries/mr.svg-986;150;175;0;4608;483.34;0.00%;1.90305;1.19;1.22;638.9
test/autenticacion2/authentication-ui/assets/svg/countries/mc.svg-989;150;250;0;4467;578.83;0.00%;1.90285;0.83;1.22;447.9
test/autenticacion2/authentication-ui/assets/svg/countries/mn.svg-990;150;255;0;3086;476.87;0.00%;1.89017;4.53;1.21;2451.9
test/autenticacion2/authentication-ui/assets/svg/countries/ms.svg-991;150;292;0;3068;540.68;0.00%;1.89005;17.07;1.21;9250.9
test/autenticacion2/authentication-ui/assets/svg/countries/mz.svg-993;150;294;0;9632;921.58;0.00%;1.87923;9.35;1.21;5096
test/autenticacion2/authentication-ui/assets/svg/countries/mx.svg-988;150;1168;0;5094;1352.92;0.00%;1.84234;288.01;1.18;160078
test/autenticacion2/authentication-ui/assets/svg/countries/na.svg-995;150;154;0;1378;274.57;0.00%;1.83211;1.77;1.18;987.9
test/autenticacion2/authentication-ui/assets/svg/countries/mm.svg-994;150;228;0;3242;476.41;0.00%;1.83184;1.65;1.18;925
test/autenticacion2/authentication-ui/assets/svg/countries/me.svg-992;150;569;0;5349;822.03;0.00%;1.82697;106.94;1.17;59937
test/autenticacion2/authentication-ui/assets/svg/countries/nr.svg-996;150;188;0;3031;356.19;0.00%;1.82704;1.46;1.17;816
test/autenticacion2/authentication-ui/assets/svg/countries/np.svg-997;150;179;0;1304;278.2;0.00%;1.82032;3.34;1.17;1881
test/autenticacion2/authentication-ui/assets/svg/countries/ng.svg-1,000;150;274;0;3049;529.27;0.00%;1.80758;0.83;1.16;467.9
test/autenticacion2/authentication-ui/assets/svg/countries/ne.svg-999;150;228;0;3334;436.64;0.00%;1.80832;1.05;1.16;595.9
test/autenticacion2/authentication-ui/assets/svg/countries/no.svg-1,002;150;220;0;2948;383.61;0.00%;1.80113;0.97;1.16;554
test/autenticacion2/authentication-ui/assets/svg/countries/nu.svg-1,001;150;280;0;3852;560.78;0.00%;1.80115;2.31;1.16;1310.9
test/autenticacion2/authentication-ui/assets/svg/countries/ni.svg-998;150;498;0;6278;770.14;0.00%;1.79501;71.24;1.15;40638.9
test/autenticacion2/authentication-ui/assets/svg/countries/nc.svg-1,003;150;223;0;1683;332.04;0.00%;1.78889;0.85;1.15;485.9
test/autenticacion2/authentication-ui/assets/svg/countries/nz.svg-1,004;150;266;0;3340;475.26;0.00%;1.78274;3.62;1.14;2079
test/autenticacion2/authentication-ui/assets/svg/countries/om.svg-1,005;149;428;0;5002;654.29;0.00%;1.77781;29.15;1.14;16790.9
test/autenticacion2/authentication-ui/assets/svg/countries/nl.svg-1,007;149;231;0;3043;420.58;0.00%;1.77212;0.84;1.14;485.9
test/autenticacion2/authentication-ui/assets/svg/countries/pk.svg-1,006;148;271;0;2218;408.64;0.00%;1.93748;1.26;1.24;666
test/autenticacion2/authentication-ui/assets/svg/countries/pw.svg-1,008;148;273;0;3045;488.31;0.00%;1.93697;0.86;1.24;455
test/autenticacion2/authentication-ui/assets/svg/countries/ps.svg-1,009;148;302;0;3045;533.76;0.00%;1.92533;0.96;1.24;512.9
test/autenticacion2/authentication-ui/assets/svg/countries/pa.svg-1,010;148;381;0;8696;937.45;0.00%;1.92829;1.64;1.24;873
test/autenticacion2/authentication-ui/assets/svg/countries/pg.svg-1,011;148;306;0;6892;756.92;0.00%;1.91643;9.25;1.23;4941.9
test/autenticacion2/authentication-ui/assets/svg/countries/pf.svg-1,014;148;291;0;3775;492.73;0.00%;1.91625;11.35;1.23;6064
test/autenticacion2/authentication-ui/assets/svg/countries/pn.svg-1,012;148;368;0;3907;543.97;0.00%;1.90425;27.89;1.22;14997
test/autenticacion2/authentication-ui/assets/svg/countries/py.svg-1,013;148;481;0;6535;796.97;0.00%;1.90376;42.43;1.22;22821
test/autenticacion2/authentication-ui/assets/svg/countries/pl.svg-1,015;148;280;0;3334;474.59;0.00%;1.89031;0.84;1.21;453
test/autenticacion2/authentication-ui/assets/svg/countries/pr.svg-1,017;148;308;0;3813;539.58;0.00%;1.87917;1.1;1.21;597
test/autenticacion2/authentication-ui/assets/svg/countries/pt.svg-1,016;148;314;0;3217;512.1;0.00%;1.87905;21.84;1.21;11903
test/autenticacion2/authentication-ui/assets/svg/countries/qa.svg-1,018;148;289;0;2288;461.57;0.00%;1.86803;1.23;1.2;671.9
test/autenticacion2/authentication-ui/assets/svg/countries/gb.svg-1,019;148;306;0;6365;627.93;0.00%;1.86774;1.57;1.2;862
test/autenticacion2/authentication-ui/assets/svg/countries/sy.svg-1,020;148;282;0;2280;414.63;0.00%;1.85678;1.17;1.19;646
test/autenticacion2/authentication-ui/assets/svg/countries/cf.svg-1,021;148;270;0;3334;441.47;0.00%;1.85638;1.15;1.19;636.9
test/autenticacion2/authentication-ui/assets/svg/countries/cd.svg-1,023;148;348;0;3416;551.99;0.00%;1.84557;1.12;1.18;621
test/autenticacion2/authentication-ui/assets/svg/countries/cz.svg-1,022;148;311;0;3836;589.41;0.00%;1.83618;0.94;1.18;523
test/autenticacion2/authentication-ui/assets/svg/countries/la.svg-1,025;148;350;0;3727;525.76;0.00%;1.831;0.88;1.17;493
test/autenticacion2/authentication-ui/assets/svg/countries/tl.svg-1,024;148;292;0;3340;530.56;0.00%;1.83112;1.13;1.17;633
test/autenticacion2/authentication-ui/assets/svg/countries/md.svg-1,026;148;540;0;3790;659.93;0.00%;1.80691;48.29;1.16;27368
test/autenticacion2/authentication-ui/assets/svg/countries/ir.svg-1,028;148;330;0;3073;491.28;0.00%;1.79946;2.99;1.15;1702.9
test/autenticacion2/authentication-ui/assets/svg/countries/kp.svg-1,029;148;289;0;3316;460.99;0.00%;1.79974;1.98;1.15;1125.9
test/autenticacion2/authentication-ui/assets/svg/countries/tz.svg-1,030;148;300;0;3832;545.87;0.00%;1.79381;1.21;1.15;693
test/autenticacion2/authentication-ui/assets/svg/countries/ro.svg-1,031;148;288;0;2021;352.03;0.00%;1.7935;0.86;1.15;488.9
test/autenticacion2/authentication-ui/assets/svg/countries/rw.svg-1,032;148;232;0;1695;342.44;0.00%;1.7874;1.92;1.15;1102
test/autenticacion2/authentication-ui/assets/svg/countries/ws.svg-1,033;148;255;0;1637;326.87;0.00%;1.78131;1.63;1.14;936.9
test/autenticacion2/authentication-ui/assets/svg/countries/do.svg-1,027;146;1321;0;5475;1136.28;0.00%;1.7651;254.72;1.13;147774.8
test/autenticacion2/authentication-ui/assets/svg/countries/kn.svg-1,036;146;281;0;1731;359.15;0.00%;1.76527;2.02;1.13;1172.9
test/autenticacion2/authentication-ui/assets/svg/countries/bl.svg-1,035;146;246;0;1637;331.5;0.00%;1.76252;0.84;1.13;486
test/autenticacion2/authentication-ui/assets/svg/countries/as.svg-1,034;143;603;0;5840;710.44;0.00%;1.74029;81.92;1.12;48201
test/autenticacion2/authentication-ui/assets/svg/countries/mf.svg-1,038;143;264;0;1386;302.32;0.00%;1.73474;0.82;1.11;485.9
test/autenticacion2/authentication-ui/assets/svg/countries/pm.svg-1,039;143;246;0;3034;374.78;0.00%;1.73481;0.82;1.11;486
test/autenticacion2/authentication-ui/assets/svg/countries/lc.svg-1,041;143;390;0;7402;856.64;0.00%;1.72923;1.06;1.11;626.9
test/autenticacion2/authentication-ui/assets/svg/countries/sh.svg-1,040;142;334;0;3831;558.48;0.00%;1.72454;1.45;1.11;861.9
test/autenticacion2/authentication-ui/assets/svg/countries/sm.svg-1,037;141;871;0;3345;804.48;0.00%;1.71285;131.97;1.1;78895
test/autenticacion2/authentication-ui/assets/svg/countries/st.svg-1,043;141;259;0;1927;328.81;0.00%;1.70768;1.62;1.1;973
test/autenticacion2/authentication-ui/assets/svg/countries/va.svg-1,042;140;553;0;3951;633.1;0.00%;1.69619;63.52;1.09;38346
test/autenticacion2/authentication-ui/assets/svg/countries/vc.svg-1,044;139;233;0;1641;283.07;0.00%;1.70418;1.17;1.09;705
test/autenticacion2/authentication-ui/assets/svg/countries/sn.svg-1,046;139;335;0;2204;455.81;0.00%;1.70158;1.56;1.09;937
test/autenticacion2/authentication-ui/assets/svg/countries/sc.svg-1,047;139;336;0;3821;520.53;0.00%;1.69609;1.02;1.09;612.9
test/autenticacion2/authentication-ui/assets/svg/countries/sl.svg-1,048;139;281;0;2280;374.89;0.00%;1.69046;0.8;1.08;486
test/autenticacion2/authentication-ui/assets/svg/countries/sg.svg-1,049;138;300;0;2204;417.06;0.00%;1.67942;2.18;1.08;1332
test/autenticacion2/authentication-ui/assets/svg/countries/so.svg-1,050;137;338;0;3828;487.12;0.00%;1.674;1.38;1.07;847
test/autenticacion2/authentication-ui/assets/svg/countries/rs.svg-1,045;136;965;0;6474;897.87;0.00%;1.67581;122.35;1.08;74760
test/autenticacion2/authentication-ui/assets/svg/countries/sz.svg-1,052;136;346;0;1628;398.41;0.00%;1.67595;11.36;1.08;6939
test/autenticacion2/authentication-ui/assets/svg/countries/lk.svg-1,051;136;486;0;3214;570.18;0.00%;1.67047;31.88;1.07;19543.9
test/autenticacion2/authentication-ui/assets/svg/countries/za.svg-1,053;136;301;0;1678;361.78;0.00%;1.66457;1.41;1.07;865
test/autenticacion2/authentication-ui/assets/svg/countries/ss.svg-1,054;136;334;0;2563;422.91;0.00%;1.65898;1.07;1.06;658
test/autenticacion2/authentication-ui/assets/svg/countries/sd.svg-1,055;135;287;0;1687;350.5;0.00%;1.64966;0.87;1.06;541.9
test/autenticacion2/authentication-ui/assets/svg/countries/ch.svg-1,057;134;309;0;2020;377.56;0.00%;1.6388;0.76;1.05;473
test/autenticacion2/authentication-ui/assets/svg/countries/sr.svg-1,058;132;325;0;4496;522.5;0.00%;1.6212;0.99;1.04;625
test/autenticacion2/authentication-ui/assets/svg/countries/se.svg-1,056;132;308;0;2159;384.21;0.00%;1.61689;0.83;1.04;526.9
test/autenticacion2/authentication-ui/assets/svg/countries/th.svg-1,060;131;362;0;3875;487.31;0.00%;1.63165;0.78;1.05;489
test/autenticacion2/authentication-ui/assets/svg/countries/sj.svg-1,059;131;296;0;2019;341.88;0.00%;1.62458;0.88;1.04;553.9
test/autenticacion2/authentication-ui/assets/svg/countries/tw.svg-1,061;131;319;0;2942;447.19;0.00%;1.61922;1.29;1.04;817
test/autenticacion2/authentication-ui/assets/svg/countries/tf.svg-1,064;131;365;0;3237;480.47;0.00%;1.61926;1.76;1.04;1109.9
test/autenticacion2/authentication-ui/assets/svg/countries/tj.svg-1,062;130;361;0;9828;941.83;0.00%;1.6017;2.85;1.03;1824.9
test/autenticacion2/authentication-ui/assets/svg/countries/tg.svg-1,065;130;367;0;3815;479.27;0.00%;1.59854;1.47;1.03;941.9
test/autenticacion2/authentication-ui/assets/svg/countries/tk.svg-1,066;129;456;0;8859;987.74;0.00%;1.59944;2.39;1.03;1530.9
test/autenticacion2/authentication-ui/assets/svg/countries/to.svg-1,067;129;321;0;3341;489.71;0.00%;1.59411;0.8;1.02;513
test/autenticacion2/authentication-ui/assets/svg/countries/io.svg-1,063;127;918;0;6598;1008.62;0.00%;1.57069;91.64;1.01;59744
test/autenticacion2/authentication-ui/assets/svg/countries/tt.svg-1,069;127;314;0;3045;374.51;0.00%;1.57172;0.86;1.01;557.8
test/autenticacion2/authentication-ui/assets/svg/countries/tn.svg-1,068;127;243;0;2804;347.6;0.00%;1.56662;1.07;1.01;696.9
test/autenticacion2/authentication-ui/assets/svg/countries/tr.svg-1,071;124;315;0;1689;338.92;0.00%;1.53043;0.93;0.98;622
test/autenticacion2/authentication-ui/assets/svg/countries/tv.svg-1,072;123;272;0;2309;325.94;0.00%;1.52482;2.31;0.98;1549
test/autenticacion2/authentication-ui/assets/svg/countries/tm.svg-1,070;122;641;0;3474;694.89;0.00%;1.50956;62.77;0.97;42582
test/autenticacion2/authentication-ui/assets/svg/countries/ua.svg-1,073;121;299;0;2566;344.48;0.00%;1.50586;0.66;0.97;448
test/autenticacion2/authentication-ui/assets/svg/countries/uy.svg-1,075;121;355;0;4155;577.64;0.00%;1.50051;13.24;0.96;9034
test/autenticacion2/authentication-ui/assets/svg/countries/ug.svg-1,074;119;325;0;3813;468.63;0.00%;1.47637;5.77;0.95;4003
test/autenticacion2/authentication-ui/assets/svg/countries/uz.svg-1,076;117;350;0;3045;519.05;0.00%;1.4707;1.81;0.94;1261
test/autenticacion2/authentication-ui/assets/svg/countries/vu.svg-1,077;116;336;0;3343;443.39;0.00%;1.45855;4.15;0.94;2912
test/autenticacion2/authentication-ui/assets/svg/countries/ve.svg-1,078;113;353;0;3045;488.58;0.00%;1.42662;1.6;0.92;1147
test/autenticacion2/authentication-ui/assets/svg/countries/vn.svg-1,079;113;370;0;3828;560.04;0.00%;1.42174;1.1;0.91;792.9
test/autenticacion2/authentication-ui/assets/svg/countries/ye.svg-1,081;109;369;0;2118;468.39;0.00%;1.37427;0.63;0.88;470.9
test/autenticacion2/authentication-ui/assets/svg/countries/wf.svg-1,080;104;280;0;1678;327.6;0.00%;1.31181;0.84;0.84;654
test/autenticacion2/authentication-ui/assets/svg/countries/dj.svg-1,082;102;348;0;3263;475.71;0.00%;1.28711;0.83;0.83;657
test/autenticacion2/authentication-ui/assets/svg/countries/zm.svg-1,083;101;416;0;5391;755.45;0.00%;1.27996;9.95;0.82;7961
test/autenticacion2/authentication-ui/assets/svg/countries/zw.svg-1,084;101;571;0;3851;811.89;0.00%;1.27548;16.9;0.82;13570.9
test/canonical.html-1,085;37;21046;0;21195;29.2;100.00%;0.47919;1.29;0;2751
test/success.txt-1,086;21;21040;0;21060;8.95;100.00%;0.37487;1.01;0;2751
test/success.txt-1,087;3;21031;0;21040;7.41;100.00%;0.08549;0.23;0;2751
test/pass-through-https-cert/autenticacion2/authentication-common-api/1.0/correo/verify-email-existe?email=asilvera@mincetur.gob.pe-1,088;3;1106;0;1392;217.19;0.00%;0.20159;0.28;0.19;1407
test/pass-through-https-cert/autenticacion2/authentication-common-api/1.0/correo/verify-email-existe-1,089;3;389;0;603;152.11;100.00%;0.21755;0.16;0.21;731
test/pass-through-https-cert/autenticacion2/authentication-common-api/1.0/correo/confirmacion?email=asilvera@mincetur.gob.pe&nombres=JULIO%20ESCRIBA-1,090;3;424;0;1019;425.46;0.00%;0.22277;0.31;0.22;1407
test/pass-through-https-cert/autenticacion2/authentication-common-api/1.0/correo/confirmacion-1,091;3;529;0;732;172.65;100.00%;0.23517;0.17;0.23;731
TOTAL;37966;391;0;23034;1131.91;0.92%;347.24788;4863.05;227.93;14340.7
